policy_id,policy_tenure,age_of_car,age_of_policyholder,area_cluster,population_density,make,segment,model,fuel_type,max_torque,max_power,engine_type,airbags,is_esc,is_adjustable_steering,is_tpms,is_parking_sensors,is_parking_camera,rear_brakes_type,displacement,cylinder,transmission_type,gear_box,steering_type,turning_radius,length,width,height,gross_weight,is_front_fog_lights,is_rear_window_wiper,is_rear_window_washer,is_rear_window_defogger,is_brake_assist,is_power_door_locks,is_central_locking,is_power_steering,is_driver_seat_height_adjustable,is_day_night_rear_view_mirror,is_ecw,is_speed_alert,ncap_rating,is_claim
ID00001,0.51587359,0.05,0.644230769,C1,4990,1,A,M1,CNG,60Nm@3500rpm,40.36bhp@6000rpm,F8D Petrol Engine,2,No,No,No,Yes,No,Drum,796,3,Manual,5,Power,4.6,3445,1515,1475,1185,No,No,No,No,No,No,No,Yes,No,No,No,Yes,0,0
ID00002,0.672618514,0.02,0.375,C2,27003,1,A,M1,CNG,60Nm@3500rpm,40.36bhp@6000rpm,F8D Petrol Engine,2,No,No,No,Yes,No,Drum,796,3,Manual,5,Power,4.6,3445,1515,1475,1185,No,No,No,No,No,No,No,Yes,No,No,No,Yes,0,0
ID00003,0.841110256,0.02,0.384615385,C3,4076,1,A,M1,CNG,60Nm@3500rpm,40.36bhp@6000rpm,F8D Petrol Engine,2,No,No,No,Yes,No,Drum,796,3,Manual,5,Power,4.6,3445,1515,1475,1185,No,No,No,No,No,No,No,Yes,No,No,No,Yes,0,0
ID00004,0.900276559,0.11,0.432692308,C4,21622,1,C1,M2,Petrol,113Nm@4400rpm,88.50bhp@6000rpm,1.2 L K12N Dualjet,2,Yes,Yes,No,Yes,Yes,Drum,1197,4,Automatic,5,Electric,4.8,3995,1735,1515,1335,Yes,No,No,Yes,Yes,Yes,Yes,Yes,Yes,Yes,Yes,Yes,2,0
ID00005,0.596402813,0.11,0.634615385,C5,34738,2,A,M3,Petrol,91Nm@4250rpm,67.06bhp@5500rpm,1.0 SCe,2,No,No,No,No,Yes,Drum,999,3,Automatic,5,Electric,5,3731,1579,1490,1155,No,No,No,No,No,Yes,Yes,Yes,No,Yes,Yes,Yes,2,0
ID00006,1.018708538,0.07,0.519230769,C6,13051,3,C2,M4,Diesel,250Nm@2750rpm,113.45bhp@4000rpm,1.5 L U2 CRDi,6,Yes,Yes,Yes,Yes,Yes,Disc,1493,4,Automatic,6,Power,5.2,4300,1790,1635,1720,Yes,Yes,Yes,Yes,Yes,Yes,Yes,Yes,Yes,No,Yes,Yes,3,0
ID00007,0.097992158,0.16,0.403846154,C7,6112,4,B2,M5,Diesel,200Nm@3000rpm,88.77bhp@4000rpm,1.5 Turbocharged Revotorq,2,No,Yes,No,Yes,No,Drum,1497,4,Manual,5,Electric,5,3990,1755,1523,1490,No,No,No,No,No,Yes,Yes,Yes,No,No,Yes,Yes,5,0
ID00008,0.509084671,0.14,0.423076923,C8,8794,1,B2,M6,Petrol,113Nm@4400rpm,88.50bhp@6000rpm,K Series Dual jet,2,No,Yes,No,Yes,No,Drum,1197,4,Manual,5,Electric,4.8,3845,1735,1530,1335,Yes,No,No,No,Yes,Yes,Yes,Yes,Yes,Yes,Yes,Yes,2,0
ID00009,0.282393518,0.07,0.298076923,C7,6112,3,C2,M4,Diesel,250Nm@2750rpm,113.45bhp@4000rpm,1.5 L U2 CRDi,6,Yes,Yes,Yes,Yes,Yes,Disc,1493,4,Automatic,6,Power,5.2,4300,1790,1635,1720,Yes,Yes,Yes,Yes,Yes,Yes,Yes,Yes,Yes,No,Yes,Yes,3,0
ID00010,0.566255433,0.04,0.442307692,C9,17804,1,B2,M7,Petrol,113Nm@4400rpm,88.50bhp@6000rpm,1.2 L K Series Engine,6,Yes,Yes,No,Yes,Yes,Drum,1197,4,Automatic,5,Electric,4.85,3990,1745,1500,1410,Yes,Yes,Yes,Yes,Yes,Yes,Yes,Yes,Yes,Yes,Yes,Yes,0,0
ID00011,0.951416171,0.01,0.596153846,C5,34738,1,A,M1,CNG,60Nm@3500rpm,40.36bhp@6000rpm,F8D Petrol Engine,2,No,No,No,Yes,No,Drum,796,3,Manual,5,Power,4.6,3445,1515,1475,1185,No,No,No,No,No,No,No,Yes,No,No,No,Yes,0,0
ID00012,0.083180015,0.12,0.298076923,C3,4076,1,B1,M8,CNG,82.1Nm@3400rpm,55.92bhp@5300rpm,K10C,2,No,No,No,Yes,No,Drum,998,3,Manual,5,Power,4.7,3655,1620,1675,1340,No,No,No,No,No,Yes,Yes,Yes,No,No,Yes,Yes,2,0
ID00013,0.045833999,0.03,0.480769231,C3,4076,1,B2,M6,Petrol,113Nm@4400rpm,88.50bhp@6000rpm,K Series Dual jet,2,No,Yes,No,Yes,No,Drum,1197,4,Manual,5,Electric,4.8,3845,1735,1530,1335,Yes,No,No,No,Yes,Yes,Yes,Yes,Yes,Yes,Yes,Yes,2,1
ID00014,0.520336974,0.1,0.307692308,C10,73430,1,B2,M6,Petrol,113Nm@4400rpm,88.50bhp@6000rpm,K Series Dual jet,2,No,Yes,No,Yes,No,Drum,1197,4,Manual,5,Electric,4.8,3845,1735,1530,1335,Yes,No,No,No,Yes,Yes,Yes,Yes,Yes,Yes,Yes,Yes,2,0
ID00015,0.213588588,0.04,0.403846154,C11,6108,1,A,M1,CNG,60Nm@3500rpm,40.36bhp@6000rpm,F8D Petrol Engine,2,No,No,No,Yes,No,Drum,796,3,Manual,5,Power,4.6,3445,1515,1475,1185,No,No,No,No,No,No,No,Yes,No,No,No,Yes,0,0
ID00016,0.897770851,0.04,0.576923077,C5,34738,3,C2,M4,Diesel,250Nm@2750rpm,113.45bhp@4000rpm,1.5 L U2 CRDi,6,Yes,Yes,Yes,Yes,Yes,Disc,1493,4,Automatic,6,Power,5.2,4300,1790,1635,1720,Yes,Yes,Yes,Yes,Yes,Yes,Yes,Yes,Yes,No,Yes,Yes,3,0
ID00017,0.321144554,0.03,0.605769231,C2,27003,1,A,M1,CNG,60Nm@3500rpm,40.36bhp@6000rpm,F8D Petrol Engine,2,No,No,No,Yes,No,Drum,796,3,Manual,5,Power,4.6,3445,1515,1475,1185,No,No,No,No,No,No,No,Yes,No,No,No,Yes,0,0
ID00018,0.241421248,0.12,0.471153846,C9,17804,5,C1,M9,Diesel,200Nm@1750rpm,97.89bhp@3600rpm,i-DTEC,2,No,Yes,No,Yes,Yes,Drum,1498,4,Manual,5,Electric,4.9,3995,1695,1501,1051,Yes,No,No,Yes,No,Yes,Yes,Yes,Yes,Yes,Yes,Yes,4,0
ID00019,0.295966729,0.12,0.5,C8,8794,3,C2,M4,Diesel,250Nm@2750rpm,113.45bhp@4000rpm,1.5 L U2 CRDi,6,Yes,Yes,Yes,Yes,Yes,Disc,1493,4,Automatic,6,Power,5.2,4300,1790,1635,1720,Yes,Yes,Yes,Yes,Yes,Yes,Yes,Yes,Yes,No,Yes,Yes,3,0
ID00020,0.758622595,0.09,0.394230769,C5,34738,1,B2,M6,Petrol,113Nm@4400rpm,88.50bhp@6000rpm,K Series Dual jet,2,No,Yes,No,Yes,No,Drum,1197,4,Manual,5,Electric,4.8,3845,1735,1530,1335,Yes,No,No,No,Yes,Yes,Yes,Yes,Yes,Yes,Yes,Yes,2,1
ID00021,0.301701572,0.05,0.403846154,C11,6108,3,C2,M4,Diesel,250Nm@2750rpm,113.45bhp@4000rpm,1.5 L U2 CRDi,6,Yes,Yes,Yes,Yes,Yes,Disc,1493,4,Automatic,6,Power,5.2,4300,1790,1635,1720,Yes,Yes,Yes,Yes,Yes,Yes,Yes,Yes,Yes,No,Yes,Yes,3,0
ID00022,0.527085217,0,0.615384615,C4,21622,1,A,M1,CNG,60Nm@3500rpm,40.36bhp@6000rpm,F8D Petrol Engine,2,No,No,No,Yes,No,Drum,796,3,Manual,5,Power,4.6,3445,1515,1475,1185,No,No,No,No,No,No,No,Yes,No,No,No,Yes,0,1
ID00023,0.630598332,0.08,0.317307692,C2,27003,1,Utility,M10,CNG,85Nm@3000rpm,61.68bhp@6000rpm,G12B,1,No,No,No,Yes,No,Drum,1196,4,Manual,5,Manual,4.5,3675,1475,1825,1510,No,No,No,No,No,No,No,No,No,No,No,Yes,0,0
ID00024,0.99944326,0.08,0.576923077,C2,27003,3,C2,M4,Diesel,250Nm@2750rpm,113.45bhp@4000rpm,1.5 L U2 CRDi,6,Yes,Yes,Yes,Yes,Yes,Disc,1493,4,Automatic,6,Power,5.2,4300,1790,1635,1720,Yes,Yes,Yes,Yes,Yes,Yes,Yes,Yes,Yes,No,Yes,Yes,3,1
ID00025,0.02056262,0.01,0.480769231,C8,8794,1,A,M1,CNG,60Nm@3500rpm,40.36bhp@6000rpm,F8D Petrol Engine,2,No,No,No,Yes,No,Drum,796,3,Manual,5,Power,4.6,3445,1515,1475,1185,No,No,No,No,No,No,No,Yes,No,No,No,Yes,0,1
ID00026,0.240958874,0.07,0.317307692,C3,4076,1,B2,M6,Petrol,113Nm@4400rpm,88.50bhp@6000rpm,K Series Dual jet,2,No,Yes,No,Yes,No,Drum,1197,4,Manual,5,Electric,4.8,3845,1735,1530,1335,Yes,No,No,No,Yes,Yes,Yes,Yes,Yes,Yes,Yes,Yes,2,0
ID00027,0.775663608,0.02,0.375,C11,6108,1,A,M1,CNG,60Nm@3500rpm,40.36bhp@6000rpm,F8D Petrol Engine,2,No,No,No,Yes,No,Drum,796,3,Manual,5,Power,4.6,3445,1515,1475,1185,No,No,No,No,No,No,No,Yes,No,No,No,Yes,0,0
ID00028,0.524680615,0.15,0.394230769,C2,27003,1,B2,M7,Petrol,113Nm@4400rpm,88.50bhp@6000rpm,1.2 L K Series Engine,6,Yes,Yes,No,Yes,Yes,Drum,1197,4,Automatic,5,Electric,4.85,3990,1745,1500,1410,Yes,Yes,Yes,Yes,Yes,Yes,Yes,Yes,Yes,Yes,Yes,Yes,0,0
ID00029,0.543358191,0.07,0.326923077,C2,27003,1,B2,M6,Petrol,113Nm@4400rpm,88.50bhp@6000rpm,K Series Dual jet,2,No,Yes,No,Yes,No,Drum,1197,4,Manual,5,Electric,4.8,3845,1735,1530,1335,Yes,No,No,No,Yes,Yes,Yes,Yes,Yes,Yes,Yes,Yes,2,0
ID00030,1.124538112,0.07,0.490384615,C8,8794,1,B2,M6,Petrol,113Nm@4400rpm,88.50bhp@6000rpm,K Series Dual jet,2,No,Yes,No,Yes,No,Drum,1197,4,Manual,5,Electric,4.8,3845,1735,1530,1335,Yes,No,No,No,Yes,Yes,Yes,Yes,Yes,Yes,Yes,Yes,2,1
ID00031,1.102728948,0.12,0.298076923,C12,34791,1,B1,M8,CNG,82.1Nm@3400rpm,55.92bhp@5300rpm,K10C,2,No,No,No,Yes,No,Drum,998,3,Manual,5,Power,4.7,3655,1620,1675,1340,No,No,No,No,No,Yes,Yes,Yes,No,No,Yes,Yes,2,0
ID00032,1.146741204,0.13,0.461538462,C3,4076,1,B2,M7,Petrol,113Nm@4400rpm,88.50bhp@6000rpm,1.2 L K Series Engine,6,Yes,Yes,No,Yes,Yes,Drum,1197,4,Automatic,5,Electric,4.85,3990,1745,1500,1410,Yes,Yes,Yes,Yes,Yes,Yes,Yes,Yes,Yes,Yes,Yes,Yes,0,0
ID00033,0.796578491,0.02,0.461538462,C1,4990,1,A,M1,CNG,60Nm@3500rpm,40.36bhp@6000rpm,F8D Petrol Engine,2,No,No,No,Yes,No,Drum,796,3,Manual,5,Power,4.6,3445,1515,1475,1185,No,No,No,No,No,No,No,Yes,No,No,No,Yes,0,0
ID00034,0.530241345,0.15,0.480769231,C10,73430,1,B2,M6,Petrol,113Nm@4400rpm,88.50bhp@6000rpm,K Series Dual jet,2,No,Yes,No,Yes,No,Drum,1197,4,Manual,5,Electric,4.8,3845,1735,1530,1335,Yes,No,No,No,Yes,Yes,Yes,Yes,Yes,Yes,Yes,Yes,2,0
ID00035,0.468720629,0.01,0.403846154,C2,27003,1,A,M1,CNG,60Nm@3500rpm,40.36bhp@6000rpm,F8D Petrol Engine,2,No,No,No,Yes,No,Drum,796,3,Manual,5,Power,4.6,3445,1515,1475,1185,No,No,No,No,No,No,No,Yes,No,No,No,Yes,0,0
ID00036,1.193936298,0.39,0.403846154,C8,8794,3,C2,M4,Diesel,250Nm@2750rpm,113.45bhp@4000rpm,1.5 L U2 CRDi,6,Yes,Yes,Yes,Yes,Yes,Disc,1493,4,Automatic,6,Power,5.2,4300,1790,1635,1720,Yes,Yes,Yes,Yes,Yes,Yes,Yes,Yes,Yes,No,Yes,Yes,3,0
ID00037,0.758760266,0.01,0.384615385,C5,34738,1,A,M1,CNG,60Nm@3500rpm,40.36bhp@6000rpm,F8D Petrol Engine,2,No,No,No,Yes,No,Drum,796,3,Manual,5,Power,4.6,3445,1515,1475,1185,No,No,No,No,No,No,No,Yes,No,No,No,Yes,0,0
ID00038,1.152403851,0.08,0.490384615,C13,5410,1,B1,M8,CNG,82.1Nm@3400rpm,55.92bhp@5300rpm,K10C,2,No,No,No,Yes,No,Drum,998,3,Manual,5,Power,4.7,3655,1620,1675,1340,No,No,No,No,No,Yes,Yes,Yes,No,No,Yes,Yes,2,0
ID00039,1.124138178,0.12,0.403846154,C8,8794,1,B2,M6,Petrol,113Nm@4400rpm,88.50bhp@6000rpm,K Series Dual jet,2,No,Yes,No,Yes,No,Drum,1197,4,Manual,5,Electric,4.8,3845,1735,1530,1335,Yes,No,No,No,Yes,Yes,Yes,Yes,Yes,Yes,Yes,Yes,2,0
ID00040,0.128866092,0.02,0.576923077,C3,4076,1,A,M1,CNG,60Nm@3500rpm,40.36bhp@6000rpm,F8D Petrol Engine,2,No,No,No,Yes,No,Drum,796,3,Manual,5,Power,4.6,3445,1515,1475,1185,No,No,No,No,No,No,No,Yes,No,No,No,Yes,0,0
ID00041,0.247247659,0.08,0.471153846,C8,8794,3,C2,M4,Diesel,250Nm@2750rpm,113.45bhp@4000rpm,1.5 L U2 CRDi,6,Yes,Yes,Yes,Yes,Yes,Disc,1493,4,Automatic,6,Power,5.2,4300,1790,1635,1720,Yes,Yes,Yes,Yes,Yes,Yes,Yes,Yes,Yes,No,Yes,Yes,3,0
ID00042,0.112364879,0,0.384615385,C3,4076,1,A,M1,CNG,60Nm@3500rpm,40.36bhp@6000rpm,F8D Petrol Engine,2,No,No,No,Yes,No,Drum,796,3,Manual,5,Power,4.6,3445,1515,1475,1185,No,No,No,No,No,No,No,Yes,No,No,No,Yes,0,0
ID00043,0.844741731,0.04,0.394230769,C3,4076,4,B2,M5,Diesel,200Nm@3000rpm,88.77bhp@4000rpm,1.5 Turbocharged Revotorq,2,No,Yes,No,Yes,No,Drum,1497,4,Manual,5,Electric,5,3990,1755,1523,1490,No,No,No,No,No,Yes,Yes,Yes,No,No,Yes,Yes,5,0
ID00044,0.132377284,0.07,0.490384615,C8,8794,1,B2,M6,Petrol,113Nm@4400rpm,88.50bhp@6000rpm,K Series Dual jet,2,No,Yes,No,Yes,No,Drum,1197,4,Manual,5,Electric,4.8,3845,1735,1530,1335,Yes,No,No,No,Yes,Yes,Yes,Yes,Yes,Yes,Yes,Yes,2,0
ID00045,1.055754509,0.1,0.923076923,C8,8794,1,B2,M6,Petrol,113Nm@4400rpm,88.50bhp@6000rpm,K Series Dual jet,2,No,Yes,No,Yes,No,Drum,1197,4,Manual,5,Electric,4.8,3845,1735,1530,1335,Yes,No,No,No,Yes,Yes,Yes,Yes,Yes,Yes,Yes,Yes,2,0
ID00046,0.715804194,0.02,0.403846154,C3,4076,1,A,M1,CNG,60Nm@3500rpm,40.36bhp@6000rpm,F8D Petrol Engine,2,No,No,No,Yes,No,Drum,796,3,Manual,5,Power,4.6,3445,1515,1475,1185,No,No,No,No,No,No,No,Yes,No,No,No,Yes,0,0
ID00047,1.216342248,0.15,0.692307692,C8,8794,3,C2,M4,Diesel,250Nm@2750rpm,113.45bhp@4000rpm,1.5 L U2 CRDi,6,Yes,Yes,Yes,Yes,Yes,Disc,1493,4,Automatic,6,Power,5.2,4300,1790,1635,1720,Yes,Yes,Yes,Yes,Yes,Yes,Yes,Yes,Yes,No,Yes,Yes,3,0
ID00048,0.082137239,0.03,0.326923077,C3,4076,3,C2,M4,Diesel,250Nm@2750rpm,113.45bhp@4000rpm,1.5 L U2 CRDi,6,Yes,Yes,Yes,Yes,Yes,Disc,1493,4,Automatic,6,Power,5.2,4300,1790,1635,1720,Yes,Yes,Yes,Yes,Yes,Yes,Yes,Yes,Yes,No,Yes,Yes,3,0
ID00049,1.235398749,0.11,0.471153846,C8,8794,1,B2,M6,Petrol,113Nm@4400rpm,88.50bhp@6000rpm,K Series Dual jet,2,No,Yes,No,Yes,No,Drum,1197,4,Manual,5,Electric,4.8,3845,1735,1530,1335,Yes,No,No,No,Yes,Yes,Yes,Yes,Yes,Yes,Yes,Yes,2,0
ID00050,0.345261469,0.03,0.451923077,C5,34738,1,B2,M6,Petrol,113Nm@4400rpm,88.50bhp@6000rpm,K Series Dual jet,2,No,Yes,No,Yes,No,Drum,1197,4,Manual,5,Electric,4.8,3845,1735,1530,1335,Yes,No,No,No,Yes,Yes,Yes,Yes,Yes,Yes,Yes,Yes,2,0
ID00051,0.916421269,0,0.326923077,C2,27003,4,B2,M5,Diesel,200Nm@3000rpm,88.77bhp@4000rpm,1.5 Turbocharged Revotorq,2,No,Yes,No,Yes,No,Drum,1497,4,Manual,5,Electric,5,3990,1755,1523,1490,No,No,No,No,No,Yes,Yes,Yes,No,No,Yes,Yes,5,0
ID00052,1.088505468,0.01,0.413461538,C2,27003,1,B2,M6,Petrol,113Nm@4400rpm,88.50bhp@6000rpm,K Series Dual jet,2,No,Yes,No,Yes,No,Drum,1197,4,Manual,5,Electric,4.8,3845,1735,1530,1335,Yes,No,No,No,Yes,Yes,Yes,Yes,Yes,Yes,Yes,Yes,2,0
ID00053,1.075523255,0.17,0.682692308,C13,5410,1,B2,M6,Petrol,113Nm@4400rpm,88.50bhp@6000rpm,K Series Dual jet,2,No,Yes,No,Yes,No,Drum,1197,4,Manual,5,Electric,4.8,3845,1735,1530,1335,Yes,No,No,No,Yes,Yes,Yes,Yes,Yes,Yes,Yes,Yes,2,0
ID00054,1.084545126,0.06,0.365384615,C12,34791,1,B2,M6,Petrol,113Nm@4400rpm,88.50bhp@6000rpm,K Series Dual jet,2,No,Yes,No,Yes,No,Drum,1197,4,Manual,5,Electric,4.8,3845,1735,1530,1335,Yes,No,No,No,Yes,Yes,Yes,Yes,Yes,Yes,Yes,Yes,2,0
ID00055,0.167815014,0,0.480769231,C5,34738,1,A,M1,CNG,60Nm@3500rpm,40.36bhp@6000rpm,F8D Petrol Engine,2,No,No,No,Yes,No,Drum,796,3,Manual,5,Power,4.6,3445,1515,1475,1185,No,No,No,No,No,No,No,Yes,No,No,No,Yes,0,0
ID00056,0.330100559,0.1,0.355769231,C14,7788,5,C1,M9,Diesel,200Nm@1750rpm,97.89bhp@3600rpm,i-DTEC,2,No,Yes,No,Yes,Yes,Drum,1498,4,Manual,5,Electric,4.9,3995,1695,1501,1051,Yes,No,No,Yes,No,Yes,Yes,Yes,Yes,Yes,Yes,Yes,4,0
ID00057,0.943037693,0.12,0.403846154,C14,7788,1,B2,M6,Petrol,113Nm@4400rpm,88.50bhp@6000rpm,K Series Dual jet,2,No,Yes,No,Yes,No,Drum,1197,4,Manual,5,Electric,4.8,3845,1735,1530,1335,Yes,No,No,No,Yes,Yes,Yes,Yes,Yes,Yes,Yes,Yes,2,0
ID00058,0.011489455,0,0.480769231,C4,21622,3,C2,M4,Diesel,250Nm@2750rpm,113.45bhp@4000rpm,1.5 L U2 CRDi,6,Yes,Yes,Yes,Yes,Yes,Disc,1493,4,Automatic,6,Power,5.2,4300,1790,1635,1720,Yes,Yes,Yes,Yes,Yes,Yes,Yes,Yes,Yes,No,Yes,Yes,3,0
ID00059,0.541464631,0.04,0.644230769,C5,34738,1,A,M1,CNG,60Nm@3500rpm,40.36bhp@6000rpm,F8D Petrol Engine,2,No,No,No,Yes,No,Drum,796,3,Manual,5,Power,4.6,3445,1515,1475,1185,No,No,No,No,No,No,No,Yes,No,No,No,Yes,0,0
ID00060,1.216863282,0.04,0.509615385,C11,6108,1,B2,M6,Petrol,113Nm@4400rpm,88.50bhp@6000rpm,K Series Dual jet,2,No,Yes,No,Yes,No,Drum,1197,4,Manual,5,Electric,4.8,3845,1735,1530,1335,Yes,No,No,No,Yes,Yes,Yes,Yes,Yes,Yes,Yes,Yes,2,0
ID00061,1.069193218,0.1,0.394230769,C9,17804,3,C2,M4,Diesel,250Nm@2750rpm,113.45bhp@4000rpm,1.5 L U2 CRDi,6,Yes,Yes,Yes,Yes,Yes,Disc,1493,4,Automatic,6,Power,5.2,4300,1790,1635,1720,Yes,Yes,Yes,Yes,Yes,Yes,Yes,Yes,Yes,No,Yes,Yes,3,0
ID00062,1.185972467,0.05,0.538461538,C2,27003,3,C2,M4,Diesel,250Nm@2750rpm,113.45bhp@4000rpm,1.5 L U2 CRDi,6,Yes,Yes,Yes,Yes,Yes,Disc,1493,4,Automatic,6,Power,5.2,4300,1790,1635,1720,Yes,Yes,Yes,Yes,Yes,Yes,Yes,Yes,Yes,No,Yes,Yes,3,0
ID00063,1.198923557,0.12,0.461538462,C9,17804,3,C2,M4,Diesel,250Nm@2750rpm,113.45bhp@4000rpm,1.5 L U2 CRDi,6,Yes,Yes,Yes,Yes,Yes,Disc,1493,4,Automatic,6,Power,5.2,4300,1790,1635,1720,Yes,Yes,Yes,Yes,Yes,Yes,Yes,Yes,Yes,No,Yes,Yes,3,0
ID00064,0.090390127,0,0.673076923,C7,6112,1,B2,M6,Petrol,113Nm@4400rpm,88.50bhp@6000rpm,K Series Dual jet,2,No,Yes,No,Yes,No,Drum,1197,4,Manual,5,Electric,4.8,3845,1735,1530,1335,Yes,No,No,No,Yes,Yes,Yes,Yes,Yes,Yes,Yes,Yes,2,0
ID00065,0.245361841,0.04,0.326923077,C15,290,1,A,M1,CNG,60Nm@3500rpm,40.36bhp@6000rpm,F8D Petrol Engine,2,No,No,No,Yes,No,Drum,796,3,Manual,5,Power,4.6,3445,1515,1475,1185,No,No,No,No,No,No,No,Yes,No,No,No,Yes,0,0
ID00066,0.411289303,0.08,0.298076923,C16,16206,1,B1,M8,CNG,82.1Nm@3400rpm,55.92bhp@5300rpm,K10C,2,No,No,No,Yes,No,Drum,998,3,Manual,5,Power,4.7,3655,1620,1675,1340,No,No,No,No,No,Yes,Yes,Yes,No,No,Yes,Yes,2,0
ID00067,1.108167863,0.06,0.346153846,C2,27003,3,C2,M4,Diesel,250Nm@2750rpm,113.45bhp@4000rpm,1.5 L U2 CRDi,6,Yes,Yes,Yes,Yes,Yes,Disc,1493,4,Automatic,6,Power,5.2,4300,1790,1635,1720,Yes,Yes,Yes,Yes,Yes,Yes,Yes,Yes,Yes,No,Yes,Yes,3,0
ID00068,1.01976953,0.17,0.375,C8,8794,1,B2,M6,Petrol,113Nm@4400rpm,88.50bhp@6000rpm,K Series Dual jet,2,No,Yes,No,Yes,No,Drum,1197,4,Manual,5,Electric,4.8,3845,1735,1530,1335,Yes,No,No,No,Yes,Yes,Yes,Yes,Yes,Yes,Yes,Yes,2,0
ID00069,1.176621335,0.04,0.548076923,C13,5410,1,B2,M6,Petrol,113Nm@4400rpm,88.50bhp@6000rpm,K Series Dual jet,2,No,Yes,No,Yes,No,Drum,1197,4,Manual,5,Electric,4.8,3845,1735,1530,1335,Yes,No,No,No,Yes,Yes,Yes,Yes,Yes,Yes,Yes,Yes,2,0
ID00070,0.976632692,0.04,0.394230769,C14,7788,1,B2,M6,Petrol,113Nm@4400rpm,88.50bhp@6000rpm,K Series Dual jet,2,No,Yes,No,Yes,No,Drum,1197,4,Manual,5,Electric,4.8,3845,1735,1530,1335,Yes,No,No,No,Yes,Yes,Yes,Yes,Yes,Yes,Yes,Yes,2,0
ID00071,0.475114197,0.08,0.548076923,C2,27003,4,B2,M5,Diesel,200Nm@3000rpm,88.77bhp@4000rpm,1.5 Turbocharged Revotorq,2,No,Yes,No,Yes,No,Drum,1497,4,Manual,5,Electric,5,3990,1755,1523,1490,No,No,No,No,No,Yes,Yes,Yes,No,No,Yes,Yes,5,0
ID00072,0.282169396,0.04,0.615384615,C10,73430,1,B2,M6,Petrol,113Nm@4400rpm,88.50bhp@6000rpm,K Series Dual jet,2,No,Yes,No,Yes,No,Drum,1197,4,Manual,5,Electric,4.8,3845,1735,1530,1335,Yes,No,No,No,Yes,Yes,Yes,Yes,Yes,Yes,Yes,Yes,2,0
ID00073,0.639802759,0.01,0.538461538,C16,16206,1,A,M1,CNG,60Nm@3500rpm,40.36bhp@6000rpm,F8D Petrol Engine,2,No,No,No,Yes,No,Drum,796,3,Manual,5,Power,4.6,3445,1515,1475,1185,No,No,No,No,No,No,No,Yes,No,No,No,Yes,0,0
ID00074,0.190606966,0.06,0.346153846,C13,5410,1,A,M1,CNG,60Nm@3500rpm,40.36bhp@6000rpm,F8D Petrol Engine,2,No,No,No,Yes,No,Drum,796,3,Manual,5,Power,4.6,3445,1515,1475,1185,No,No,No,No,No,No,No,Yes,No,No,No,Yes,0,0
ID00075,1.194710422,0.06,0.288461538,C6,13051,3,C2,M4,Diesel,250Nm@2750rpm,113.45bhp@4000rpm,1.5 L U2 CRDi,6,Yes,Yes,Yes,Yes,Yes,Disc,1493,4,Automatic,6,Power,5.2,4300,1790,1635,1720,Yes,Yes,Yes,Yes,Yes,Yes,Yes,Yes,Yes,No,Yes,Yes,3,1
ID00076,0.649588074,0.02,0.509615385,C12,34791,1,B2,M6,Petrol,113Nm@4400rpm,88.50bhp@6000rpm,K Series Dual jet,2,No,Yes,No,Yes,No,Drum,1197,4,Manual,5,Electric,4.8,3845,1735,1530,1335,Yes,No,No,No,Yes,Yes,Yes,Yes,Yes,Yes,Yes,Yes,2,0
ID00077,0.252136266,0.08,0.326923077,C8,8794,3,C2,M4,Diesel,250Nm@2750rpm,113.45bhp@4000rpm,1.5 L U2 CRDi,6,Yes,Yes,Yes,Yes,Yes,Disc,1493,4,Automatic,6,Power,5.2,4300,1790,1635,1720,Yes,Yes,Yes,Yes,Yes,Yes,Yes,Yes,Yes,No,Yes,Yes,3,0
ID00078,0.53954461,0.13,0.384615385,C10,73430,3,C2,M4,Diesel,250Nm@2750rpm,113.45bhp@4000rpm,1.5 L U2 CRDi,6,Yes,Yes,Yes,Yes,Yes,Disc,1493,4,Automatic,6,Power,5.2,4300,1790,1635,1720,Yes,Yes,Yes,Yes,Yes,Yes,Yes,Yes,Yes,No,Yes,Yes,3,0
ID00079,1.043325994,0.13,0.557692308,C11,6108,1,B2,M6,Petrol,113Nm@4400rpm,88.50bhp@6000rpm,K Series Dual jet,2,No,Yes,No,Yes,No,Drum,1197,4,Manual,5,Electric,4.8,3845,1735,1530,1335,Yes,No,No,No,Yes,Yes,Yes,Yes,Yes,Yes,Yes,Yes,2,0
ID00080,0.168965055,0,0.365384615,C8,8794,1,B2,M6,Petrol,113Nm@4400rpm,88.50bhp@6000rpm,K Series Dual jet,2,No,Yes,No,Yes,No,Drum,1197,4,Manual,5,Electric,4.8,3845,1735,1530,1335,Yes,No,No,No,Yes,Yes,Yes,Yes,Yes,Yes,Yes,Yes,2,0
ID00081,0.977908448,0.06,0.759615385,C2,27003,1,B2,M6,Petrol,113Nm@4400rpm,88.50bhp@6000rpm,K Series Dual jet,2,No,Yes,No,Yes,No,Drum,1197,4,Manual,5,Electric,4.8,3845,1735,1530,1335,Yes,No,No,No,Yes,Yes,Yes,Yes,Yes,Yes,Yes,Yes,2,0
ID00082,0.568471862,0.06,0.538461538,C9,17804,1,B2,M6,Petrol,113Nm@4400rpm,88.50bhp@6000rpm,K Series Dual jet,2,No,Yes,No,Yes,No,Drum,1197,4,Manual,5,Electric,4.8,3845,1735,1530,1335,Yes,No,No,No,Yes,Yes,Yes,Yes,Yes,Yes,Yes,Yes,2,0
ID00083,1.213044172,0.13,0.403846154,C10,73430,1,B1,M8,CNG,82.1Nm@3400rpm,55.92bhp@5300rpm,K10C,2,No,No,No,Yes,No,Drum,998,3,Manual,5,Power,4.7,3655,1620,1675,1340,No,No,No,No,No,Yes,Yes,Yes,No,No,Yes,Yes,2,0
ID00084,0.462069956,0.01,0.442307692,C8,8794,1,A,M1,CNG,60Nm@3500rpm,40.36bhp@6000rpm,F8D Petrol Engine,2,No,No,No,Yes,No,Drum,796,3,Manual,5,Power,4.6,3445,1515,1475,1185,No,No,No,No,No,No,No,Yes,No,No,No,Yes,0,0
ID00085,1.16392472,0.06,0.288461538,C9,17804,5,C1,M9,Diesel,200Nm@1750rpm,97.89bhp@3600rpm,i-DTEC,2,No,Yes,No,Yes,Yes,Drum,1498,4,Manual,5,Electric,4.9,3995,1695,1501,1051,Yes,No,No,Yes,No,Yes,Yes,Yes,Yes,Yes,Yes,Yes,4,0
ID00086,0.179501475,0.02,0.442307692,C2,27003,1,A,M1,CNG,60Nm@3500rpm,40.36bhp@6000rpm,F8D Petrol Engine,2,No,No,No,Yes,No,Drum,796,3,Manual,5,Power,4.6,3445,1515,1475,1185,No,No,No,No,No,No,No,Yes,No,No,No,Yes,0,0
ID00087,0.046563508,0.01,0.288461538,C2,27003,3,C2,M4,Diesel,250Nm@2750rpm,113.45bhp@4000rpm,1.5 L U2 CRDi,6,Yes,Yes,Yes,Yes,Yes,Disc,1493,4,Automatic,6,Power,5.2,4300,1790,1635,1720,Yes,Yes,Yes,Yes,Yes,Yes,Yes,Yes,Yes,No,Yes,Yes,3,0
ID00088,0.807114161,0.18,0.326923077,C13,5410,3,C2,M4,Diesel,250Nm@2750rpm,113.45bhp@4000rpm,1.5 L U2 CRDi,6,Yes,Yes,Yes,Yes,Yes,Disc,1493,4,Automatic,6,Power,5.2,4300,1790,1635,1720,Yes,Yes,Yes,Yes,Yes,Yes,Yes,Yes,Yes,No,Yes,Yes,3,0
ID00089,0.094857459,0.1,0.365384615,C7,6112,1,B1,M8,CNG,82.1Nm@3400rpm,55.92bhp@5300rpm,K10C,2,No,No,No,Yes,No,Drum,998,3,Manual,5,Power,4.7,3655,1620,1675,1340,No,No,No,No,No,Yes,Yes,Yes,No,No,Yes,Yes,2,0
ID00090,0.321030834,0.02,0.673076923,C2,27003,1,B2,M6,Petrol,113Nm@4400rpm,88.50bhp@6000rpm,K Series Dual jet,2,No,Yes,No,Yes,No,Drum,1197,4,Manual,5,Electric,4.8,3845,1735,1530,1335,Yes,No,No,No,Yes,Yes,Yes,Yes,Yes,Yes,Yes,Yes,2,0
ID00091,0.084936104,0.08,0.384615385,C5,34738,3,C2,M4,Diesel,250Nm@2750rpm,113.45bhp@4000rpm,1.5 L U2 CRDi,6,Yes,Yes,Yes,Yes,Yes,Disc,1493,4,Automatic,6,Power,5.2,4300,1790,1635,1720,Yes,Yes,Yes,Yes,Yes,Yes,Yes,Yes,Yes,No,Yes,Yes,3,0
ID00092,1.065680687,0.08,0.384615385,C14,7788,1,B2,M6,Petrol,113Nm@4400rpm,88.50bhp@6000rpm,K Series Dual jet,2,No,Yes,No,Yes,No,Drum,1197,4,Manual,5,Electric,4.8,3845,1735,1530,1335,Yes,No,No,No,Yes,Yes,Yes,Yes,Yes,Yes,Yes,Yes,2,0
ID00093,0.215212969,0.02,0.509615385,C15,290,1,A,M1,CNG,60Nm@3500rpm,40.36bhp@6000rpm,F8D Petrol Engine,2,No,No,No,Yes,No,Drum,796,3,Manual,5,Power,4.6,3445,1515,1475,1185,No,No,No,No,No,No,No,Yes,No,No,No,Yes,0,0
ID00094,0.037337827,0.07,0.423076923,C2,27003,1,B2,M7,Petrol,113Nm@4400rpm,88.50bhp@6000rpm,1.2 L K Series Engine,6,Yes,Yes,No,Yes,Yes,Drum,1197,4,Automatic,5,Electric,4.85,3990,1745,1500,1410,Yes,Yes,Yes,Yes,Yes,Yes,Yes,Yes,Yes,Yes,Yes,Yes,0,0
ID00095,0.902637988,0.14,0.432692308,C12,34791,3,C2,M4,Diesel,250Nm@2750rpm,113.45bhp@4000rpm,1.5 L U2 CRDi,6,Yes,Yes,Yes,Yes,Yes,Disc,1493,4,Automatic,6,Power,5.2,4300,1790,1635,1720,Yes,Yes,Yes,Yes,Yes,Yes,Yes,Yes,Yes,No,Yes,Yes,3,0
ID00096,0.08037214,0,0.336538462,C2,27003,1,A,M1,CNG,60Nm@3500rpm,40.36bhp@6000rpm,F8D Petrol Engine,2,No,No,No,Yes,No,Drum,796,3,Manual,5,Power,4.6,3445,1515,1475,1185,No,No,No,No,No,No,No,Yes,No,No,No,Yes,0,0
ID00097,0.092874414,0.03,0.336538462,C8,8794,3,C2,M4,Diesel,250Nm@2750rpm,113.45bhp@4000rpm,1.5 L U2 CRDi,6,Yes,Yes,Yes,Yes,Yes,Disc,1493,4,Automatic,6,Power,5.2,4300,1790,1635,1720,Yes,Yes,Yes,Yes,Yes,Yes,Yes,Yes,Yes,No,Yes,Yes,3,0
ID00098,0.096181616,0.04,0.451923077,C5,34738,3,C2,M4,Diesel,250Nm@2750rpm,113.45bhp@4000rpm,1.5 L U2 CRDi,6,Yes,Yes,Yes,Yes,Yes,Disc,1493,4,Automatic,6,Power,5.2,4300,1790,1635,1720,Yes,Yes,Yes,Yes,Yes,Yes,Yes,Yes,Yes,No,Yes,Yes,3,0
ID00099,0.892753417,0.01,0.326923077,C7,6112,1,A,M1,CNG,60Nm@3500rpm,40.36bhp@6000rpm,F8D Petrol Engine,2,No,No,No,Yes,No,Drum,796,3,Manual,5,Power,4.6,3445,1515,1475,1185,No,No,No,No,No,No,No,Yes,No,No,No,Yes,0,0
ID00100,1.117395213,0.02,0.432692308,C4,21622,1,B2,M6,Petrol,113Nm@4400rpm,88.50bhp@6000rpm,K Series Dual jet,2,No,Yes,No,Yes,No,Drum,1197,4,Manual,5,Electric,4.8,3845,1735,1530,1335,Yes,No,No,No,Yes,Yes,Yes,Yes,Yes,Yes,Yes,Yes,2,0
ID00101,1.1365196,0.14,0.480769231,C14,7788,1,C1,M2,Petrol,113Nm@4400rpm,88.50bhp@6000rpm,1.2 L K12N Dualjet,2,Yes,Yes,No,Yes,Yes,Drum,1197,4,Automatic,5,Electric,4.8,3995,1735,1515,1335,Yes,No,No,Yes,Yes,Yes,Yes,Yes,Yes,Yes,Yes,Yes,2,0
ID00102,1.054796038,0.14,0.451923077,C8,8794,1,B2,M6,Petrol,113Nm@4400rpm,88.50bhp@6000rpm,K Series Dual jet,2,No,Yes,No,Yes,No,Drum,1197,4,Manual,5,Electric,4.8,3845,1735,1530,1335,Yes,No,No,No,Yes,Yes,Yes,Yes,Yes,Yes,Yes,Yes,2,0
ID00103,1.197191873,0.06,0.673076923,C8,8794,1,B2,M6,Petrol,113Nm@4400rpm,88.50bhp@6000rpm,K Series Dual jet,2,No,Yes,No,Yes,No,Drum,1197,4,Manual,5,Electric,4.8,3845,1735,1530,1335,Yes,No,No,No,Yes,Yes,Yes,Yes,Yes,Yes,Yes,Yes,2,0
ID00104,0.776574085,0.14,0.596153846,C14,7788,1,Utility,M10,CNG,85Nm@3000rpm,61.68bhp@6000rpm,G12B,1,No,No,No,Yes,No,Drum,1196,4,Manual,5,Manual,4.5,3675,1475,1825,1510,No,No,No,No,No,No,No,No,No,No,No,Yes,0,0
ID00105,0.543271734,0.01,0.288461538,C8,8794,1,B2,M7,Petrol,113Nm@4400rpm,88.50bhp@6000rpm,1.2 L K Series Engine,6,Yes,Yes,No,Yes,Yes,Drum,1197,4,Automatic,5,Electric,4.85,3990,1745,1500,1410,Yes,Yes,Yes,Yes,Yes,Yes,Yes,Yes,Yes,Yes,Yes,Yes,0,0
ID00106,0.166865668,0.15,0.375,C5,34738,3,C2,M4,Diesel,250Nm@2750rpm,113.45bhp@4000rpm,1.5 L U2 CRDi,6,Yes,Yes,Yes,Yes,Yes,Disc,1493,4,Automatic,6,Power,5.2,4300,1790,1635,1720,Yes,Yes,Yes,Yes,Yes,Yes,Yes,Yes,Yes,No,Yes,Yes,3,0
ID00107,0.702487681,0,0.403846154,C10,73430,1,A,M1,CNG,60Nm@3500rpm,40.36bhp@6000rpm,F8D Petrol Engine,2,No,No,No,Yes,No,Drum,796,3,Manual,5,Power,4.6,3445,1515,1475,1185,No,No,No,No,No,No,No,Yes,No,No,No,Yes,0,0
ID00108,0.354055572,0.04,0.384615385,C5,34738,1,A,M1,CNG,60Nm@3500rpm,40.36bhp@6000rpm,F8D Petrol Engine,2,No,No,No,Yes,No,Drum,796,3,Manual,5,Power,4.6,3445,1515,1475,1185,No,No,No,No,No,No,No,Yes,No,No,No,Yes,0,0
ID00109,0.265161014,0.14,0.451923077,C9,17804,1,B2,M6,Petrol,113Nm@4400rpm,88.50bhp@6000rpm,K Series Dual jet,2,No,Yes,No,Yes,No,Drum,1197,4,Manual,5,Electric,4.8,3845,1735,1530,1335,Yes,No,No,No,Yes,Yes,Yes,Yes,Yes,Yes,Yes,Yes,2,0
ID00110,1.078275212,0.02,0.740384615,C11,6108,1,B2,M6,Petrol,113Nm@4400rpm,88.50bhp@6000rpm,K Series Dual jet,2,No,Yes,No,Yes,No,Drum,1197,4,Manual,5,Electric,4.8,3845,1735,1530,1335,Yes,No,No,No,Yes,Yes,Yes,Yes,Yes,Yes,Yes,Yes,2,0
ID00111,1.043338655,0.08,0.355769231,C8,8794,1,B2,M6,Petrol,113Nm@4400rpm,88.50bhp@6000rpm,K Series Dual jet,2,No,Yes,No,Yes,No,Drum,1197,4,Manual,5,Electric,4.8,3845,1735,1530,1335,Yes,No,No,No,Yes,Yes,Yes,Yes,Yes,Yes,Yes,Yes,2,0
ID00112,0.279102442,0.04,0.557692308,C5,34738,1,B2,M6,Petrol,113Nm@4400rpm,88.50bhp@6000rpm,K Series Dual jet,2,No,Yes,No,Yes,No,Drum,1197,4,Manual,5,Electric,4.8,3845,1735,1530,1335,Yes,No,No,No,Yes,Yes,Yes,Yes,Yes,Yes,Yes,Yes,2,0
ID00113,0.407690965,0.11,0.509615385,C5,34738,3,C2,M4,Diesel,250Nm@2750rpm,113.45bhp@4000rpm,1.5 L U2 CRDi,6,Yes,Yes,Yes,Yes,Yes,Disc,1493,4,Automatic,6,Power,5.2,4300,1790,1635,1720,Yes,Yes,Yes,Yes,Yes,Yes,Yes,Yes,Yes,No,Yes,Yes,3,0
ID00114,0.366055078,0.05,0.317307692,C6,13051,1,B1,M8,CNG,82.1Nm@3400rpm,55.92bhp@5300rpm,K10C,2,No,No,No,Yes,No,Drum,998,3,Manual,5,Power,4.7,3655,1620,1675,1340,No,No,No,No,No,Yes,Yes,Yes,No,No,Yes,Yes,2,0
ID00115,0.900941035,0.05,0.384615385,C8,8794,1,B2,M6,Petrol,113Nm@4400rpm,88.50bhp@6000rpm,K Series Dual jet,2,No,Yes,No,Yes,No,Drum,1197,4,Manual,5,Electric,4.8,3845,1735,1530,1335,Yes,No,No,No,Yes,Yes,Yes,Yes,Yes,Yes,Yes,Yes,2,0
ID00116,1.143083881,0.13,0.326923077,C10,73430,3,C2,M4,Diesel,250Nm@2750rpm,113.45bhp@4000rpm,1.5 L U2 CRDi,6,Yes,Yes,Yes,Yes,Yes,Disc,1493,4,Automatic,6,Power,5.2,4300,1790,1635,1720,Yes,Yes,Yes,Yes,Yes,Yes,Yes,Yes,Yes,No,Yes,Yes,3,0
ID00117,1.000023618,0.16,0.663461538,C17,65567,1,A,M1,CNG,60Nm@3500rpm,40.36bhp@6000rpm,F8D Petrol Engine,2,No,No,No,Yes,No,Drum,796,3,Manual,5,Power,4.6,3445,1515,1475,1185,No,No,No,No,No,No,No,Yes,No,No,No,Yes,0,0
ID00118,1.202791822,0,0.346153846,C8,8794,1,B1,M8,CNG,82.1Nm@3400rpm,55.92bhp@5300rpm,K10C,2,No,No,No,Yes,No,Drum,998,3,Manual,5,Power,4.7,3655,1620,1675,1340,No,No,No,No,No,Yes,Yes,Yes,No,No,Yes,Yes,2,0
ID00119,1.026045674,0.15,0.471153846,C5,34738,3,C2,M4,Diesel,250Nm@2750rpm,113.45bhp@4000rpm,1.5 L U2 CRDi,6,Yes,Yes,Yes,Yes,Yes,Disc,1493,4,Automatic,6,Power,5.2,4300,1790,1635,1720,Yes,Yes,Yes,Yes,Yes,Yes,Yes,Yes,Yes,No,Yes,Yes,3,0
ID00120,0.474598056,0.12,0.557692308,C14,7788,3,C2,M4,Diesel,250Nm@2750rpm,113.45bhp@4000rpm,1.5 L U2 CRDi,6,Yes,Yes,Yes,Yes,Yes,Disc,1493,4,Automatic,6,Power,5.2,4300,1790,1635,1720,Yes,Yes,Yes,Yes,Yes,Yes,Yes,Yes,Yes,No,Yes,Yes,3,0
ID00121,1.092049991,0.02,0.403846154,C5,34738,1,A,M1,CNG,60Nm@3500rpm,40.36bhp@6000rpm,F8D Petrol Engine,2,No,No,No,Yes,No,Drum,796,3,Manual,5,Power,4.6,3445,1515,1475,1185,No,No,No,No,No,No,No,Yes,No,No,No,Yes,0,0
ID00122,1.227016294,0.06,0.596153846,C2,27003,1,A,M1,CNG,60Nm@3500rpm,40.36bhp@6000rpm,F8D Petrol Engine,2,No,No,No,Yes,No,Drum,796,3,Manual,5,Power,4.6,3445,1515,1475,1185,No,No,No,No,No,No,No,Yes,No,No,No,Yes,0,0
ID00123,0.382363292,0.02,0.625,C14,7788,1,A,M1,CNG,60Nm@3500rpm,40.36bhp@6000rpm,F8D Petrol Engine,2,No,No,No,Yes,No,Drum,796,3,Manual,5,Power,4.6,3445,1515,1475,1185,No,No,No,No,No,No,No,Yes,No,No,No,Yes,0,0
ID00124,0.479102792,0.03,0.442307692,C8,8794,1,B2,M6,Petrol,113Nm@4400rpm,88.50bhp@6000rpm,K Series Dual jet,2,No,Yes,No,Yes,No,Drum,1197,4,Manual,5,Electric,4.8,3845,1735,1530,1335,Yes,No,No,No,Yes,Yes,Yes,Yes,Yes,Yes,Yes,Yes,2,0
ID00125,1.073612385,0.2,0.442307692,C2,27003,1,C1,M2,Petrol,113Nm@4400rpm,88.50bhp@6000rpm,1.2 L K12N Dualjet,2,Yes,Yes,No,Yes,Yes,Drum,1197,4,Automatic,5,Electric,4.8,3995,1735,1515,1335,Yes,No,No,Yes,Yes,Yes,Yes,Yes,Yes,Yes,Yes,Yes,2,0
ID00126,0.064651599,0,0.490384615,C18,35036,1,B1,M8,CNG,82.1Nm@3400rpm,55.92bhp@5300rpm,K10C,2,No,No,No,Yes,No,Drum,998,3,Manual,5,Power,4.7,3655,1620,1675,1340,No,No,No,No,No,Yes,Yes,Yes,No,No,Yes,Yes,2,1
ID00127,0.096461962,0.17,0.538461538,C8,8794,3,C2,M4,Diesel,250Nm@2750rpm,113.45bhp@4000rpm,1.5 L U2 CRDi,6,Yes,Yes,Yes,Yes,Yes,Disc,1493,4,Automatic,6,Power,5.2,4300,1790,1635,1720,Yes,Yes,Yes,Yes,Yes,Yes,Yes,Yes,Yes,No,Yes,Yes,3,0
ID00128,0.094342695,0.09,0.538461538,C10,73430,3,C2,M4,Diesel,250Nm@2750rpm,113.45bhp@4000rpm,1.5 L U2 CRDi,6,Yes,Yes,Yes,Yes,Yes,Disc,1493,4,Automatic,6,Power,5.2,4300,1790,1635,1720,Yes,Yes,Yes,Yes,Yes,Yes,Yes,Yes,Yes,No,Yes,Yes,3,0
ID00129,0.131791204,0.1,0.298076923,C1,4990,3,C2,M4,Diesel,250Nm@2750rpm,113.45bhp@4000rpm,1.5 L U2 CRDi,6,Yes,Yes,Yes,Yes,Yes,Disc,1493,4,Automatic,6,Power,5.2,4300,1790,1635,1720,Yes,Yes,Yes,Yes,Yes,Yes,Yes,Yes,Yes,No,Yes,Yes,3,0
ID00130,0.544042072,0.02,0.461538462,C5,34738,1,A,M1,CNG,60Nm@3500rpm,40.36bhp@6000rpm,F8D Petrol Engine,2,No,No,No,Yes,No,Drum,796,3,Manual,5,Power,4.6,3445,1515,1475,1185,No,No,No,No,No,No,No,Yes,No,No,No,Yes,0,0
ID00131,0.888914474,0.01,0.528846154,C1,4990,1,A,M1,CNG,60Nm@3500rpm,40.36bhp@6000rpm,F8D Petrol Engine,2,No,No,No,Yes,No,Drum,796,3,Manual,5,Power,4.6,3445,1515,1475,1185,No,No,No,No,No,No,No,Yes,No,No,No,Yes,0,0
ID00132,0.785907896,0.12,0.432692308,C2,27003,1,B2,M6,Petrol,113Nm@4400rpm,88.50bhp@6000rpm,K Series Dual jet,2,No,Yes,No,Yes,No,Drum,1197,4,Manual,5,Electric,4.8,3845,1735,1530,1335,Yes,No,No,No,Yes,Yes,Yes,Yes,Yes,Yes,Yes,Yes,2,0
ID00133,0.370910628,0.09,0.480769231,C10,73430,3,C2,M4,Diesel,250Nm@2750rpm,113.45bhp@4000rpm,1.5 L U2 CRDi,6,Yes,Yes,Yes,Yes,Yes,Disc,1493,4,Automatic,6,Power,5.2,4300,1790,1635,1720,Yes,Yes,Yes,Yes,Yes,Yes,Yes,Yes,Yes,No,Yes,Yes,3,0
ID00134,1.068803376,0.02,0.692307692,C6,13051,1,B2,M6,Petrol,113Nm@4400rpm,88.50bhp@6000rpm,K Series Dual jet,2,No,Yes,No,Yes,No,Drum,1197,4,Manual,5,Electric,4.8,3845,1735,1530,1335,Yes,No,No,No,Yes,Yes,Yes,Yes,Yes,Yes,Yes,Yes,2,0
ID00135,0.125743781,0.11,0.625,C11,6108,1,B2,M6,Petrol,113Nm@4400rpm,88.50bhp@6000rpm,K Series Dual jet,2,No,Yes,No,Yes,No,Drum,1197,4,Manual,5,Electric,4.8,3845,1735,1530,1335,Yes,No,No,No,Yes,Yes,Yes,Yes,Yes,Yes,Yes,Yes,2,0
ID00136,0.490727527,0,0.471153846,C18,35036,1,A,M1,CNG,60Nm@3500rpm,40.36bhp@6000rpm,F8D Petrol Engine,2,No,No,No,Yes,No,Drum,796,3,Manual,5,Power,4.6,3445,1515,1475,1185,No,No,No,No,No,No,No,Yes,No,No,No,Yes,0,1
ID00137,0.595210893,0.13,0.394230769,C13,5410,1,B2,M7,Petrol,113Nm@4400rpm,88.50bhp@6000rpm,1.2 L K Series Engine,6,Yes,Yes,No,Yes,Yes,Drum,1197,4,Automatic,5,Electric,4.85,3990,1745,1500,1410,Yes,Yes,Yes,Yes,Yes,Yes,Yes,Yes,Yes,Yes,Yes,Yes,0,0
ID00138,0.848697908,0.1,0.451923077,C8,8794,3,C2,M4,Diesel,250Nm@2750rpm,113.45bhp@4000rpm,1.5 L U2 CRDi,6,Yes,Yes,Yes,Yes,Yes,Disc,1493,4,Automatic,6,Power,5.2,4300,1790,1635,1720,Yes,Yes,Yes,Yes,Yes,Yes,Yes,Yes,Yes,No,Yes,Yes,3,0
ID00139,1.063930647,0.01,0.317307692,C9,17804,1,A,M1,CNG,60Nm@3500rpm,40.36bhp@6000rpm,F8D Petrol Engine,2,No,No,No,Yes,No,Drum,796,3,Manual,5,Power,4.6,3445,1515,1475,1185,No,No,No,No,No,No,No,Yes,No,No,No,Yes,0,0
ID00140,1.246036211,0.04,0.576923077,C2,27003,1,C1,M2,Petrol,113Nm@4400rpm,88.50bhp@6000rpm,1.2 L K12N Dualjet,2,Yes,Yes,No,Yes,Yes,Drum,1197,4,Automatic,5,Electric,4.8,3995,1735,1515,1335,Yes,No,No,Yes,Yes,Yes,Yes,Yes,Yes,Yes,Yes,Yes,2,0
ID00141,1.230216322,0.03,0.480769231,C17,65567,2,A,M3,Petrol,91Nm@4250rpm,67.06bhp@5500rpm,1.0 SCe,2,No,No,No,No,Yes,Drum,999,3,Automatic,5,Electric,5,3731,1579,1490,1155,No,No,No,No,No,Yes,Yes,Yes,No,Yes,Yes,Yes,2,0
ID00142,0.916584948,0.04,0.528846154,C3,4076,1,A,M1,CNG,60Nm@3500rpm,40.36bhp@6000rpm,F8D Petrol Engine,2,No,No,No,Yes,No,Drum,796,3,Manual,5,Power,4.6,3445,1515,1475,1185,No,No,No,No,No,No,No,Yes,No,No,No,Yes,0,0
ID00143,0.075911478,0.13,0.298076923,C8,8794,2,A,M3,Petrol,91Nm@4250rpm,67.06bhp@5500rpm,1.0 SCe,2,No,No,No,No,Yes,Drum,999,3,Automatic,5,Electric,5,3731,1579,1490,1155,No,No,No,No,No,Yes,Yes,Yes,No,Yes,Yes,Yes,2,0
ID00144,1.033368768,0.04,0.519230769,C5,34738,1,B2,M6,Petrol,113Nm@4400rpm,88.50bhp@6000rpm,K Series Dual jet,2,No,Yes,No,Yes,No,Drum,1197,4,Manual,5,Electric,4.8,3845,1735,1530,1335,Yes,No,No,No,Yes,Yes,Yes,Yes,Yes,Yes,Yes,Yes,2,0
ID00145,1.054417361,0.1,0.461538462,C7,6112,1,B2,M7,Petrol,113Nm@4400rpm,88.50bhp@6000rpm,1.2 L K Series Engine,6,Yes,Yes,No,Yes,Yes,Drum,1197,4,Automatic,5,Electric,4.85,3990,1745,1500,1410,Yes,Yes,Yes,Yes,Yes,Yes,Yes,Yes,Yes,Yes,Yes,Yes,0,0
ID00146,0.859521152,0.03,0.528846154,C2,27003,1,A,M1,CNG,60Nm@3500rpm,40.36bhp@6000rpm,F8D Petrol Engine,2,No,No,No,Yes,No,Drum,796,3,Manual,5,Power,4.6,3445,1515,1475,1185,No,No,No,No,No,No,No,Yes,No,No,No,Yes,0,0
ID00147,1.247528797,0.13,0.663461538,C9,17804,1,B2,M6,Petrol,113Nm@4400rpm,88.50bhp@6000rpm,K Series Dual jet,2,No,Yes,No,Yes,No,Drum,1197,4,Manual,5,Electric,4.8,3845,1735,1530,1335,Yes,No,No,No,Yes,Yes,Yes,Yes,Yes,Yes,Yes,Yes,2,0
ID00148,0.86926586,0.01,0.336538462,C3,4076,1,B1,M8,CNG,82.1Nm@3400rpm,55.92bhp@5300rpm,K10C,2,No,No,No,Yes,No,Drum,998,3,Manual,5,Power,4.7,3655,1620,1675,1340,No,No,No,No,No,Yes,Yes,Yes,No,No,Yes,Yes,2,0
ID00149,0.022164433,0,0.740384615,C5,34738,1,A,M1,CNG,60Nm@3500rpm,40.36bhp@6000rpm,F8D Petrol Engine,2,No,No,No,Yes,No,Drum,796,3,Manual,5,Power,4.6,3445,1515,1475,1185,No,No,No,No,No,No,No,Yes,No,No,No,Yes,0,0
ID00150,0.005923208,0.01,0.423076923,C5,34738,1,B2,M6,Petrol,113Nm@4400rpm,88.50bhp@6000rpm,K Series Dual jet,2,No,Yes,No,Yes,No,Drum,1197,4,Manual,5,Electric,4.8,3845,1735,1530,1335,Yes,No,No,No,Yes,Yes,Yes,Yes,Yes,Yes,Yes,Yes,2,0
ID00151,0.671115977,0.1,0.451923077,C7,6112,3,C2,M4,Diesel,250Nm@2750rpm,113.45bhp@4000rpm,1.5 L U2 CRDi,6,Yes,Yes,Yes,Yes,Yes,Disc,1493,4,Automatic,6,Power,5.2,4300,1790,1635,1720,Yes,Yes,Yes,Yes,Yes,Yes,Yes,Yes,Yes,No,Yes,Yes,3,0
ID00152,0.611863021,0.07,0.586538462,C8,8794,2,A,M3,Petrol,91Nm@4250rpm,67.06bhp@5500rpm,1.0 SCe,2,No,No,No,No,Yes,Drum,999,3,Automatic,5,Electric,5,3731,1579,1490,1155,No,No,No,No,No,Yes,Yes,Yes,No,Yes,Yes,Yes,2,0
ID00153,1.237960818,0.12,0.442307692,C2,27003,1,B2,M6,Petrol,113Nm@4400rpm,88.50bhp@6000rpm,K Series Dual jet,2,No,Yes,No,Yes,No,Drum,1197,4,Manual,5,Electric,4.8,3845,1735,1530,1335,Yes,No,No,No,Yes,Yes,Yes,Yes,Yes,Yes,Yes,Yes,2,1
ID00154,0.883116875,0.01,0.596153846,C5,34738,1,A,M1,CNG,60Nm@3500rpm,40.36bhp@6000rpm,F8D Petrol Engine,2,No,No,No,Yes,No,Drum,796,3,Manual,5,Power,4.6,3445,1515,1475,1185,No,No,No,No,No,No,No,Yes,No,No,No,Yes,0,0
ID00155,0.06969403,0.04,0.423076923,C8,8794,4,B2,M5,Diesel,200Nm@3000rpm,88.77bhp@4000rpm,1.5 Turbocharged Revotorq,2,No,Yes,No,Yes,No,Drum,1497,4,Manual,5,Electric,5,3990,1755,1523,1490,No,No,No,No,No,Yes,Yes,Yes,No,No,Yes,Yes,5,0
ID00156,0.924190182,0.02,0.480769231,C6,13051,1,B2,M6,Petrol,113Nm@4400rpm,88.50bhp@6000rpm,K Series Dual jet,2,No,Yes,No,Yes,No,Drum,1197,4,Manual,5,Electric,4.8,3845,1735,1530,1335,Yes,No,No,No,Yes,Yes,Yes,Yes,Yes,Yes,Yes,Yes,2,0
ID00157,0.400286195,0,0.307692308,C3,4076,3,C2,M4,Diesel,250Nm@2750rpm,113.45bhp@4000rpm,1.5 L U2 CRDi,6,Yes,Yes,Yes,Yes,Yes,Disc,1493,4,Automatic,6,Power,5.2,4300,1790,1635,1720,Yes,Yes,Yes,Yes,Yes,Yes,Yes,Yes,Yes,No,Yes,Yes,3,0
ID00158,0.253395912,0.03,0.346153846,C8,8794,1,B2,M6,Petrol,113Nm@4400rpm,88.50bhp@6000rpm,K Series Dual jet,2,No,Yes,No,Yes,No,Drum,1197,4,Manual,5,Electric,4.8,3845,1735,1530,1335,Yes,No,No,No,Yes,Yes,Yes,Yes,Yes,Yes,Yes,Yes,2,0
ID00159,1.027460725,0.18,0.490384615,C2,27003,1,Utility,M10,CNG,85Nm@3000rpm,61.68bhp@6000rpm,G12B,1,No,No,No,Yes,No,Drum,1196,4,Manual,5,Manual,4.5,3675,1475,1825,1510,No,No,No,No,No,No,No,No,No,No,No,Yes,0,0
ID00160,1.1556625,0.11,0.490384615,C14,7788,3,C2,M4,Diesel,250Nm@2750rpm,113.45bhp@4000rpm,1.5 L U2 CRDi,6,Yes,Yes,Yes,Yes,Yes,Disc,1493,4,Automatic,6,Power,5.2,4300,1790,1635,1720,Yes,Yes,Yes,Yes,Yes,Yes,Yes,Yes,Yes,No,Yes,Yes,3,0
ID00161,1.221983587,0.11,0.576923077,C2,27003,3,C2,M4,Diesel,250Nm@2750rpm,113.45bhp@4000rpm,1.5 L U2 CRDi,6,Yes,Yes,Yes,Yes,Yes,Disc,1493,4,Automatic,6,Power,5.2,4300,1790,1635,1720,Yes,Yes,Yes,Yes,Yes,Yes,Yes,Yes,Yes,No,Yes,Yes,3,0
ID00162,1.228023779,0.02,0.423076923,C12,34791,1,A,M1,CNG,60Nm@3500rpm,40.36bhp@6000rpm,F8D Petrol Engine,2,No,No,No,Yes,No,Drum,796,3,Manual,5,Power,4.6,3445,1515,1475,1185,No,No,No,No,No,No,No,Yes,No,No,No,Yes,0,0
ID00163,0.032286903,0.07,0.548076923,C5,34738,3,C2,M4,Diesel,250Nm@2750rpm,113.45bhp@4000rpm,1.5 L U2 CRDi,6,Yes,Yes,Yes,Yes,Yes,Disc,1493,4,Automatic,6,Power,5.2,4300,1790,1635,1720,Yes,Yes,Yes,Yes,Yes,Yes,Yes,Yes,Yes,No,Yes,Yes,3,0
ID00164,1.224247245,0.06,0.673076923,C8,8794,1,Utility,M10,CNG,85Nm@3000rpm,61.68bhp@6000rpm,G12B,1,No,No,No,Yes,No,Drum,1196,4,Manual,5,Manual,4.5,3675,1475,1825,1510,No,No,No,No,No,No,No,No,No,No,No,Yes,0,0
ID00165,0.03680415,0.05,0.519230769,C9,17804,3,C2,M4,Diesel,250Nm@2750rpm,113.45bhp@4000rpm,1.5 L U2 CRDi,6,Yes,Yes,Yes,Yes,Yes,Disc,1493,4,Automatic,6,Power,5.2,4300,1790,1635,1720,Yes,Yes,Yes,Yes,Yes,Yes,Yes,Yes,Yes,No,Yes,Yes,3,0
ID00166,1.103732437,0.07,0.384615385,C14,7788,1,B2,M6,Petrol,113Nm@4400rpm,88.50bhp@6000rpm,K Series Dual jet,2,No,Yes,No,Yes,No,Drum,1197,4,Manual,5,Electric,4.8,3845,1735,1530,1335,Yes,No,No,No,Yes,Yes,Yes,Yes,Yes,Yes,Yes,Yes,2,0
ID00167,0.534852681,0.05,0.480769231,C13,5410,1,Utility,M10,CNG,85Nm@3000rpm,61.68bhp@6000rpm,G12B,1,No,No,No,Yes,No,Drum,1196,4,Manual,5,Manual,4.5,3675,1475,1825,1510,No,No,No,No,No,No,No,No,No,No,No,Yes,0,0
ID00168,0.907761325,0.16,0.298076923,C8,8794,1,B1,M8,CNG,82.1Nm@3400rpm,55.92bhp@5300rpm,K10C,2,No,No,No,Yes,No,Drum,998,3,Manual,5,Power,4.7,3655,1620,1675,1340,No,No,No,No,No,Yes,Yes,Yes,No,No,Yes,Yes,2,0
ID00169,0.544110963,0.02,0.403846154,C5,34738,1,B1,M8,CNG,82.1Nm@3400rpm,55.92bhp@5300rpm,K10C,2,No,No,No,Yes,No,Drum,998,3,Manual,5,Power,4.7,3655,1620,1675,1340,No,No,No,No,No,Yes,Yes,Yes,No,No,Yes,Yes,2,0
ID00170,0.859511573,0.03,0.288461538,C5,34738,1,A,M1,CNG,60Nm@3500rpm,40.36bhp@6000rpm,F8D Petrol Engine,2,No,No,No,Yes,No,Drum,796,3,Manual,5,Power,4.6,3445,1515,1475,1185,No,No,No,No,No,No,No,Yes,No,No,No,Yes,0,0
ID00171,0.233327565,0.03,0.451923077,C5,34738,1,A,M1,CNG,60Nm@3500rpm,40.36bhp@6000rpm,F8D Petrol Engine,2,No,No,No,Yes,No,Drum,796,3,Manual,5,Power,4.6,3445,1515,1475,1185,No,No,No,No,No,No,No,Yes,No,No,No,Yes,0,0
ID00172,1.016790953,0.11,0.692307692,C8,8794,1,B2,M6,Petrol,113Nm@4400rpm,88.50bhp@6000rpm,K Series Dual jet,2,No,Yes,No,Yes,No,Drum,1197,4,Manual,5,Electric,4.8,3845,1735,1530,1335,Yes,No,No,No,Yes,Yes,Yes,Yes,Yes,Yes,Yes,Yes,2,0
ID00173,0.207344939,0.01,0.509615385,C3,4076,1,A,M1,CNG,60Nm@3500rpm,40.36bhp@6000rpm,F8D Petrol Engine,2,No,No,No,Yes,No,Drum,796,3,Manual,5,Power,4.6,3445,1515,1475,1185,No,No,No,No,No,No,No,Yes,No,No,No,Yes,0,0
ID00174,0.036313487,0.01,0.634615385,C4,21622,1,A,M1,CNG,60Nm@3500rpm,40.36bhp@6000rpm,F8D Petrol Engine,2,No,No,No,Yes,No,Drum,796,3,Manual,5,Power,4.6,3445,1515,1475,1185,No,No,No,No,No,No,No,Yes,No,No,No,Yes,0,0
ID00175,0.079806091,0,0.355769231,C14,7788,1,A,M1,CNG,60Nm@3500rpm,40.36bhp@6000rpm,F8D Petrol Engine,2,No,No,No,Yes,No,Drum,796,3,Manual,5,Power,4.6,3445,1515,1475,1185,No,No,No,No,No,No,No,Yes,No,No,No,Yes,0,0
ID00176,1.235137645,0.01,0.432692308,C3,4076,1,B2,M6,Petrol,113Nm@4400rpm,88.50bhp@6000rpm,K Series Dual jet,2,No,Yes,No,Yes,No,Drum,1197,4,Manual,5,Electric,4.8,3845,1735,1530,1335,Yes,No,No,No,Yes,Yes,Yes,Yes,Yes,Yes,Yes,Yes,2,0
ID00177,0.819056779,0.01,0.625,C1,4990,1,B2,M6,Petrol,113Nm@4400rpm,88.50bhp@6000rpm,K Series Dual jet,2,No,Yes,No,Yes,No,Drum,1197,4,Manual,5,Electric,4.8,3845,1735,1530,1335,Yes,No,No,No,Yes,Yes,Yes,Yes,Yes,Yes,Yes,Yes,2,0
ID00178,0.215964353,0.15,0.432692308,C8,8794,3,C2,M4,Diesel,250Nm@2750rpm,113.45bhp@4000rpm,1.5 L U2 CRDi,6,Yes,Yes,Yes,Yes,Yes,Disc,1493,4,Automatic,6,Power,5.2,4300,1790,1635,1720,Yes,Yes,Yes,Yes,Yes,Yes,Yes,Yes,Yes,No,Yes,Yes,3,0
ID00179,0.653412583,0.01,0.653846154,C2,27003,1,A,M1,CNG,60Nm@3500rpm,40.36bhp@6000rpm,F8D Petrol Engine,2,No,No,No,Yes,No,Drum,796,3,Manual,5,Power,4.6,3445,1515,1475,1185,No,No,No,No,No,No,No,Yes,No,No,No,Yes,0,0
ID00180,0.194699927,0.14,0.317307692,C11,6108,1,B2,M7,Petrol,113Nm@4400rpm,88.50bhp@6000rpm,1.2 L K Series Engine,6,Yes,Yes,No,Yes,Yes,Drum,1197,4,Automatic,5,Electric,4.85,3990,1745,1500,1410,Yes,Yes,Yes,Yes,Yes,Yes,Yes,Yes,Yes,Yes,Yes,Yes,0,0
ID00181,0.052403378,0.04,0.692307692,C13,5410,3,C2,M4,Diesel,250Nm@2750rpm,113.45bhp@4000rpm,1.5 L U2 CRDi,6,Yes,Yes,Yes,Yes,Yes,Disc,1493,4,Automatic,6,Power,5.2,4300,1790,1635,1720,Yes,Yes,Yes,Yes,Yes,Yes,Yes,Yes,Yes,No,Yes,Yes,3,0
ID00182,1.008695923,0.12,0.730769231,C2,27003,1,B1,M8,CNG,82.1Nm@3400rpm,55.92bhp@5300rpm,K10C,2,No,No,No,Yes,No,Drum,998,3,Manual,5,Power,4.7,3655,1620,1675,1340,No,No,No,No,No,Yes,Yes,Yes,No,No,Yes,Yes,2,0
ID00183,1.144670537,0.06,0.326923077,C14,7788,1,C1,M2,Petrol,113Nm@4400rpm,88.50bhp@6000rpm,1.2 L K12N Dualjet,2,Yes,Yes,No,Yes,Yes,Drum,1197,4,Automatic,5,Electric,4.8,3995,1735,1515,1335,Yes,No,No,Yes,Yes,Yes,Yes,Yes,Yes,Yes,Yes,Yes,2,0
ID00184,1.044212145,0.13,0.451923077,C8,8794,4,B2,M5,Diesel,200Nm@3000rpm,88.77bhp@4000rpm,1.5 Turbocharged Revotorq,2,No,Yes,No,Yes,No,Drum,1497,4,Manual,5,Electric,5,3990,1755,1523,1490,No,No,No,No,No,Yes,Yes,Yes,No,No,Yes,Yes,5,0
ID00185,1.19167862,0.05,0.384615385,C8,8794,1,B1,M8,CNG,82.1Nm@3400rpm,55.92bhp@5300rpm,K10C,2,No,No,No,Yes,No,Drum,998,3,Manual,5,Power,4.7,3655,1620,1675,1340,No,No,No,No,No,Yes,Yes,Yes,No,No,Yes,Yes,2,0
ID00186,1.20076543,0.17,0.326923077,C8,8794,3,C2,M4,Diesel,250Nm@2750rpm,113.45bhp@4000rpm,1.5 L U2 CRDi,6,Yes,Yes,Yes,Yes,Yes,Disc,1493,4,Automatic,6,Power,5.2,4300,1790,1635,1720,Yes,Yes,Yes,Yes,Yes,Yes,Yes,Yes,Yes,No,Yes,Yes,3,1
ID00187,0.722116728,0.16,0.365384615,C7,6112,1,B2,M6,Petrol,113Nm@4400rpm,88.50bhp@6000rpm,K Series Dual jet,2,No,Yes,No,Yes,No,Drum,1197,4,Manual,5,Electric,4.8,3845,1735,1530,1335,Yes,No,No,No,Yes,Yes,Yes,Yes,Yes,Yes,Yes,Yes,2,0
ID00188,0.405686986,0.13,0.365384615,C2,27003,1,B2,M6,Petrol,113Nm@4400rpm,88.50bhp@6000rpm,K Series Dual jet,2,No,Yes,No,Yes,No,Drum,1197,4,Manual,5,Electric,4.8,3845,1735,1530,1335,Yes,No,No,No,Yes,Yes,Yes,Yes,Yes,Yes,Yes,Yes,2,0
ID00189,0.425328534,0.02,0.394230769,C3,4076,1,A,M1,CNG,60Nm@3500rpm,40.36bhp@6000rpm,F8D Petrol Engine,2,No,No,No,Yes,No,Drum,796,3,Manual,5,Power,4.6,3445,1515,1475,1185,No,No,No,No,No,No,No,Yes,No,No,No,Yes,0,0
ID00190,0.279208428,0.01,0.375,C7,6112,1,A,M1,CNG,60Nm@3500rpm,40.36bhp@6000rpm,F8D Petrol Engine,2,No,No,No,Yes,No,Drum,796,3,Manual,5,Power,4.6,3445,1515,1475,1185,No,No,No,No,No,No,No,Yes,No,No,No,Yes,0,0
ID00191,0.698574182,0.01,0.423076923,C5,34738,1,A,M1,CNG,60Nm@3500rpm,40.36bhp@6000rpm,F8D Petrol Engine,2,No,No,No,Yes,No,Drum,796,3,Manual,5,Power,4.6,3445,1515,1475,1185,No,No,No,No,No,No,No,Yes,No,No,No,Yes,0,0
ID00192,1.215278187,0.08,0.461538462,C8,8794,1,B2,M6,Petrol,113Nm@4400rpm,88.50bhp@6000rpm,K Series Dual jet,2,No,Yes,No,Yes,No,Drum,1197,4,Manual,5,Electric,4.8,3845,1735,1530,1335,Yes,No,No,No,Yes,Yes,Yes,Yes,Yes,Yes,Yes,Yes,2,0
ID00193,1.087889563,0.12,0.480769231,C8,8794,1,B1,M8,CNG,82.1Nm@3400rpm,55.92bhp@5300rpm,K10C,2,No,No,No,Yes,No,Drum,998,3,Manual,5,Power,4.7,3655,1620,1675,1340,No,No,No,No,No,Yes,Yes,Yes,No,No,Yes,Yes,2,1
ID00194,1.210349409,0.05,0.432692308,C19,27742,1,B2,M6,Petrol,113Nm@4400rpm,88.50bhp@6000rpm,K Series Dual jet,2,No,Yes,No,Yes,No,Drum,1197,4,Manual,5,Electric,4.8,3845,1735,1530,1335,Yes,No,No,No,Yes,Yes,Yes,Yes,Yes,Yes,Yes,Yes,2,0
ID00195,0.201172597,0.16,0.442307692,C8,8794,1,B2,M6,Petrol,113Nm@4400rpm,88.50bhp@6000rpm,K Series Dual jet,2,No,Yes,No,Yes,No,Drum,1197,4,Manual,5,Electric,4.8,3845,1735,1530,1335,Yes,No,No,No,Yes,Yes,Yes,Yes,Yes,Yes,Yes,Yes,2,0
ID00196,0.368467861,0.04,0.413461538,C2,27003,3,C2,M4,Diesel,250Nm@2750rpm,113.45bhp@4000rpm,1.5 L U2 CRDi,6,Yes,Yes,Yes,Yes,Yes,Disc,1493,4,Automatic,6,Power,5.2,4300,1790,1635,1720,Yes,Yes,Yes,Yes,Yes,Yes,Yes,Yes,Yes,No,Yes,Yes,3,0
ID00197,1.218565566,0.03,0.567307692,C5,34738,1,B2,M7,Petrol,113Nm@4400rpm,88.50bhp@6000rpm,1.2 L K Series Engine,6,Yes,Yes,No,Yes,Yes,Drum,1197,4,Automatic,5,Electric,4.85,3990,1745,1500,1410,Yes,Yes,Yes,Yes,Yes,Yes,Yes,Yes,Yes,Yes,Yes,Yes,0,1
ID00198,1.135625521,0.09,0.403846154,C11,6108,1,B2,M6,Petrol,113Nm@4400rpm,88.50bhp@6000rpm,K Series Dual jet,2,No,Yes,No,Yes,No,Drum,1197,4,Manual,5,Electric,4.8,3845,1735,1530,1335,Yes,No,No,No,Yes,Yes,Yes,Yes,Yes,Yes,Yes,Yes,2,0
ID00199,0.568969015,0.05,0.365384615,C8,8794,1,B2,M7,Petrol,113Nm@4400rpm,88.50bhp@6000rpm,1.2 L K Series Engine,6,Yes,Yes,No,Yes,Yes,Drum,1197,4,Automatic,5,Electric,4.85,3990,1745,1500,1410,Yes,Yes,Yes,Yes,Yes,Yes,Yes,Yes,Yes,Yes,Yes,Yes,0,0
ID00200,0.088313573,0.18,0.403846154,C5,34738,5,C1,M9,Diesel,200Nm@1750rpm,97.89bhp@3600rpm,i-DTEC,2,No,Yes,No,Yes,Yes,Drum,1498,4,Manual,5,Electric,4.9,3995,1695,1501,1051,Yes,No,No,Yes,No,Yes,Yes,Yes,Yes,Yes,Yes,Yes,4,0
ID00201,0.160005801,0.13,0.461538462,C2,27003,1,B2,M6,Petrol,113Nm@4400rpm,88.50bhp@6000rpm,K Series Dual jet,2,No,Yes,No,Yes,No,Drum,1197,4,Manual,5,Electric,4.8,3845,1735,1530,1335,Yes,No,No,No,Yes,Yes,Yes,Yes,Yes,Yes,Yes,Yes,2,0
ID00202,0.157947587,0.05,0.326923077,C17,65567,5,C1,M9,Diesel,200Nm@1750rpm,97.89bhp@3600rpm,i-DTEC,2,No,Yes,No,Yes,Yes,Drum,1498,4,Manual,5,Electric,4.9,3995,1695,1501,1051,Yes,No,No,Yes,No,Yes,Yes,Yes,Yes,Yes,Yes,Yes,4,0
ID00203,0.195113433,0.17,0.576923077,C2,27003,1,B2,M7,Petrol,113Nm@4400rpm,88.50bhp@6000rpm,1.2 L K Series Engine,6,Yes,Yes,No,Yes,Yes,Drum,1197,4,Automatic,5,Electric,4.85,3990,1745,1500,1410,Yes,Yes,Yes,Yes,Yes,Yes,Yes,Yes,Yes,Yes,Yes,Yes,0,0
ID00204,0.085196332,0.12,0.471153846,C2,27003,4,C1,M11,Petrol,170Nm@4000rpm,118.36bhp@5500rpm,1.5 Turbocharged Revotron,2,Yes,No,No,Yes,Yes,Drum,1199,3,Manual,6,Power,5.1,3993,1811,1606,1660,No,No,No,Yes,Yes,Yes,Yes,Yes,Yes,No,Yes,No,5,0
ID00205,1.242781599,0,0.528846154,C5,34738,1,B2,M6,Petrol,113Nm@4400rpm,88.50bhp@6000rpm,K Series Dual jet,2,No,Yes,No,Yes,No,Drum,1197,4,Manual,5,Electric,4.8,3845,1735,1530,1335,Yes,No,No,No,Yes,Yes,Yes,Yes,Yes,Yes,Yes,Yes,2,0
ID00206,1.239535746,0.03,0.519230769,C2,27003,1,B2,M6,Petrol,113Nm@4400rpm,88.50bhp@6000rpm,K Series Dual jet,2,No,Yes,No,Yes,No,Drum,1197,4,Manual,5,Electric,4.8,3845,1735,1530,1335,Yes,No,No,No,Yes,Yes,Yes,Yes,Yes,Yes,Yes,Yes,2,0
ID00207,1.17838965,0.03,0.336538462,C2,27003,1,C1,M2,Petrol,113Nm@4400rpm,88.50bhp@6000rpm,1.2 L K12N Dualjet,2,Yes,Yes,No,Yes,Yes,Drum,1197,4,Automatic,5,Electric,4.8,3995,1735,1515,1335,Yes,No,No,Yes,Yes,Yes,Yes,Yes,Yes,Yes,Yes,Yes,2,0
ID00208,1.089782825,0.03,0.567307692,C5,34738,1,A,M1,CNG,60Nm@3500rpm,40.36bhp@6000rpm,F8D Petrol Engine,2,No,No,No,Yes,No,Drum,796,3,Manual,5,Power,4.6,3445,1515,1475,1185,No,No,No,No,No,No,No,Yes,No,No,No,Yes,0,0
ID00209,1.227388351,0.04,0.288461538,C19,27742,1,C1,M2,Petrol,113Nm@4400rpm,88.50bhp@6000rpm,1.2 L K12N Dualjet,2,Yes,Yes,No,Yes,Yes,Drum,1197,4,Automatic,5,Electric,4.8,3995,1735,1515,1335,Yes,No,No,Yes,Yes,Yes,Yes,Yes,Yes,Yes,Yes,Yes,2,0
ID00210,0.070010965,0,0.413461538,C2,27003,1,B2,M7,Petrol,113Nm@4400rpm,88.50bhp@6000rpm,1.2 L K Series Engine,6,Yes,Yes,No,Yes,Yes,Drum,1197,4,Automatic,5,Electric,4.85,3990,1745,1500,1410,Yes,Yes,Yes,Yes,Yes,Yes,Yes,Yes,Yes,Yes,Yes,Yes,0,0
ID00211,1.00064377,0.14,0.365384615,C5,34738,1,B2,M7,Petrol,113Nm@4400rpm,88.50bhp@6000rpm,1.2 L K Series Engine,6,Yes,Yes,No,Yes,Yes,Drum,1197,4,Automatic,5,Electric,4.85,3990,1745,1500,1410,Yes,Yes,Yes,Yes,Yes,Yes,Yes,Yes,Yes,Yes,Yes,Yes,0,0
ID00212,1.172550658,0.03,0.653846154,C13,5410,1,B2,M6,Petrol,113Nm@4400rpm,88.50bhp@6000rpm,K Series Dual jet,2,No,Yes,No,Yes,No,Drum,1197,4,Manual,5,Electric,4.8,3845,1735,1530,1335,Yes,No,No,No,Yes,Yes,Yes,Yes,Yes,Yes,Yes,Yes,2,0
ID00213,0.151663113,0.2,0.346153846,C8,8794,3,C2,M4,Diesel,250Nm@2750rpm,113.45bhp@4000rpm,1.5 L U2 CRDi,6,Yes,Yes,Yes,Yes,Yes,Disc,1493,4,Automatic,6,Power,5.2,4300,1790,1635,1720,Yes,Yes,Yes,Yes,Yes,Yes,Yes,Yes,Yes,No,Yes,Yes,3,0
ID00214,1.103335493,0.07,0.528846154,C14,7788,2,A,M3,Petrol,91Nm@4250rpm,67.06bhp@5500rpm,1.0 SCe,2,No,No,No,No,Yes,Drum,999,3,Automatic,5,Electric,5,3731,1579,1490,1155,No,No,No,No,No,Yes,Yes,Yes,No,Yes,Yes,Yes,2,0
ID00215,1.224669001,0.29,0.403846154,C5,34738,1,B2,M6,Petrol,113Nm@4400rpm,88.50bhp@6000rpm,K Series Dual jet,2,No,Yes,No,Yes,No,Drum,1197,4,Manual,5,Electric,4.8,3845,1735,1530,1335,Yes,No,No,No,Yes,Yes,Yes,Yes,Yes,Yes,Yes,Yes,2,0
ID00216,1.147635353,0.01,0.461538462,C2,27003,2,A,M3,Petrol,91Nm@4250rpm,67.06bhp@5500rpm,1.0 SCe,2,No,No,No,No,Yes,Drum,999,3,Automatic,5,Electric,5,3731,1579,1490,1155,No,No,No,No,No,Yes,Yes,Yes,No,Yes,Yes,Yes,2,0
ID00217,1.108195501,0.05,0.673076923,C2,27003,1,A,M1,CNG,60Nm@3500rpm,40.36bhp@6000rpm,F8D Petrol Engine,2,No,No,No,Yes,No,Drum,796,3,Manual,5,Power,4.6,3445,1515,1475,1185,No,No,No,No,No,No,No,Yes,No,No,No,Yes,0,0
ID00218,0.484379575,0.02,0.5,C2,27003,1,A,M1,CNG,60Nm@3500rpm,40.36bhp@6000rpm,F8D Petrol Engine,2,No,No,No,Yes,No,Drum,796,3,Manual,5,Power,4.6,3445,1515,1475,1185,No,No,No,No,No,No,No,Yes,No,No,No,Yes,0,0
ID00219,1.027831566,0.08,0.567307692,C14,7788,1,B2,M7,Petrol,113Nm@4400rpm,88.50bhp@6000rpm,1.2 L K Series Engine,6,Yes,Yes,No,Yes,Yes,Drum,1197,4,Automatic,5,Electric,4.85,3990,1745,1500,1410,Yes,Yes,Yes,Yes,Yes,Yes,Yes,Yes,Yes,Yes,Yes,Yes,0,0
ID00220,1.004345186,0.01,0.413461538,C5,34738,5,C1,M9,Diesel,200Nm@1750rpm,97.89bhp@3600rpm,i-DTEC,2,No,Yes,No,Yes,Yes,Drum,1498,4,Manual,5,Electric,4.9,3995,1695,1501,1051,Yes,No,No,Yes,No,Yes,Yes,Yes,Yes,Yes,Yes,Yes,4,0
ID00221,0.235927122,0.15,0.403846154,C12,34791,1,B2,M6,Petrol,113Nm@4400rpm,88.50bhp@6000rpm,K Series Dual jet,2,No,Yes,No,Yes,No,Drum,1197,4,Manual,5,Electric,4.8,3845,1735,1530,1335,Yes,No,No,No,Yes,Yes,Yes,Yes,Yes,Yes,Yes,Yes,2,0
ID00222,0.652157687,0,0.317307692,C13,5410,1,A,M1,CNG,60Nm@3500rpm,40.36bhp@6000rpm,F8D Petrol Engine,2,No,No,No,Yes,No,Drum,796,3,Manual,5,Power,4.6,3445,1515,1475,1185,No,No,No,No,No,No,No,Yes,No,No,No,Yes,0,0
ID00223,1.108970895,0.02,0.673076923,C8,8794,1,B2,M6,Petrol,113Nm@4400rpm,88.50bhp@6000rpm,K Series Dual jet,2,No,Yes,No,Yes,No,Drum,1197,4,Manual,5,Electric,4.8,3845,1735,1530,1335,Yes,No,No,No,Yes,Yes,Yes,Yes,Yes,Yes,Yes,Yes,2,0
ID00224,0.446645758,0.06,0.557692308,C9,17804,4,B2,M5,Diesel,200Nm@3000rpm,88.77bhp@4000rpm,1.5 Turbocharged Revotorq,2,No,Yes,No,Yes,No,Drum,1497,4,Manual,5,Electric,5,3990,1755,1523,1490,No,No,No,No,No,Yes,Yes,Yes,No,No,Yes,Yes,5,0
ID00225,1.244913247,0.15,0.644230769,C13,5410,3,C2,M4,Diesel,250Nm@2750rpm,113.45bhp@4000rpm,1.5 L U2 CRDi,6,Yes,Yes,Yes,Yes,Yes,Disc,1493,4,Automatic,6,Power,5.2,4300,1790,1635,1720,Yes,Yes,Yes,Yes,Yes,Yes,Yes,Yes,Yes,No,Yes,Yes,3,0
ID00226,0.31138498,0.01,0.596153846,C8,8794,1,A,M1,CNG,60Nm@3500rpm,40.36bhp@6000rpm,F8D Petrol Engine,2,No,No,No,Yes,No,Drum,796,3,Manual,5,Power,4.6,3445,1515,1475,1185,No,No,No,No,No,No,No,Yes,No,No,No,Yes,0,0
ID00227,0.970569152,0.07,0.567307692,C5,34738,2,A,M3,Petrol,91Nm@4250rpm,67.06bhp@5500rpm,1.0 SCe,2,No,No,No,No,Yes,Drum,999,3,Automatic,5,Electric,5,3731,1579,1490,1155,No,No,No,No,No,Yes,Yes,Yes,No,Yes,Yes,Yes,2,0
ID00228,0.833927355,0.01,0.336538462,C7,6112,1,A,M1,CNG,60Nm@3500rpm,40.36bhp@6000rpm,F8D Petrol Engine,2,No,No,No,Yes,No,Drum,796,3,Manual,5,Power,4.6,3445,1515,1475,1185,No,No,No,No,No,No,No,Yes,No,No,No,Yes,0,0
ID00229,0.299454383,0,0.471153846,C3,4076,1,A,M1,CNG,60Nm@3500rpm,40.36bhp@6000rpm,F8D Petrol Engine,2,No,No,No,Yes,No,Drum,796,3,Manual,5,Power,4.6,3445,1515,1475,1185,No,No,No,No,No,No,No,Yes,No,No,No,Yes,0,0
ID00230,1.140644729,0.08,0.682692308,C7,6112,3,C2,M4,Diesel,250Nm@2750rpm,113.45bhp@4000rpm,1.5 L U2 CRDi,6,Yes,Yes,Yes,Yes,Yes,Disc,1493,4,Automatic,6,Power,5.2,4300,1790,1635,1720,Yes,Yes,Yes,Yes,Yes,Yes,Yes,Yes,Yes,No,Yes,Yes,3,0
ID00231,0.663267013,0.08,0.576923077,C8,8794,3,C2,M4,Diesel,250Nm@2750rpm,113.45bhp@4000rpm,1.5 L U2 CRDi,6,Yes,Yes,Yes,Yes,Yes,Disc,1493,4,Automatic,6,Power,5.2,4300,1790,1635,1720,Yes,Yes,Yes,Yes,Yes,Yes,Yes,Yes,Yes,No,Yes,Yes,3,0
ID00232,0.010041488,0.01,0.346153846,C8,8794,3,C2,M4,Diesel,250Nm@2750rpm,113.45bhp@4000rpm,1.5 L U2 CRDi,6,Yes,Yes,Yes,Yes,Yes,Disc,1493,4,Automatic,6,Power,5.2,4300,1790,1635,1720,Yes,Yes,Yes,Yes,Yes,Yes,Yes,Yes,Yes,No,Yes,Yes,3,0
ID00233,1.180844929,0.15,0.692307692,C3,4076,3,C2,M4,Diesel,250Nm@2750rpm,113.45bhp@4000rpm,1.5 L U2 CRDi,6,Yes,Yes,Yes,Yes,Yes,Disc,1493,4,Automatic,6,Power,5.2,4300,1790,1635,1720,Yes,Yes,Yes,Yes,Yes,Yes,Yes,Yes,Yes,No,Yes,Yes,3,0
ID00234,0.049872774,0,0.490384615,C5,34738,1,A,M1,CNG,60Nm@3500rpm,40.36bhp@6000rpm,F8D Petrol Engine,2,No,No,No,Yes,No,Drum,796,3,Manual,5,Power,4.6,3445,1515,1475,1185,No,No,No,No,No,No,No,Yes,No,No,No,Yes,0,0
ID00235,0.728766528,0.14,0.326923077,C2,27003,1,B2,M6,Petrol,113Nm@4400rpm,88.50bhp@6000rpm,K Series Dual jet,2,No,Yes,No,Yes,No,Drum,1197,4,Manual,5,Electric,4.8,3845,1735,1530,1335,Yes,No,No,No,Yes,Yes,Yes,Yes,Yes,Yes,Yes,Yes,2,0
ID00236,0.233344112,0,0.384615385,C2,27003,1,A,M1,CNG,60Nm@3500rpm,40.36bhp@6000rpm,F8D Petrol Engine,2,No,No,No,Yes,No,Drum,796,3,Manual,5,Power,4.6,3445,1515,1475,1185,No,No,No,No,No,No,No,Yes,No,No,No,Yes,0,0
ID00237,0.955018994,0.01,0.346153846,C13,5410,3,C2,M4,Diesel,250Nm@2750rpm,113.45bhp@4000rpm,1.5 L U2 CRDi,6,Yes,Yes,Yes,Yes,Yes,Disc,1493,4,Automatic,6,Power,5.2,4300,1790,1635,1720,Yes,Yes,Yes,Yes,Yes,Yes,Yes,Yes,Yes,No,Yes,Yes,3,0
ID00238,1.097259354,0.12,0.365384615,C11,6108,1,B2,M7,Petrol,113Nm@4400rpm,88.50bhp@6000rpm,1.2 L K Series Engine,6,Yes,Yes,No,Yes,Yes,Drum,1197,4,Automatic,5,Electric,4.85,3990,1745,1500,1410,Yes,Yes,Yes,Yes,Yes,Yes,Yes,Yes,Yes,Yes,Yes,Yes,0,0
ID00239,0.086452741,0.09,0.442307692,C5,34738,1,B2,M6,Petrol,113Nm@4400rpm,88.50bhp@6000rpm,K Series Dual jet,2,No,Yes,No,Yes,No,Drum,1197,4,Manual,5,Electric,4.8,3845,1735,1530,1335,Yes,No,No,No,Yes,Yes,Yes,Yes,Yes,Yes,Yes,Yes,2,0
ID00240,1.18895395,0.04,0.653846154,C3,4076,3,C2,M4,Diesel,250Nm@2750rpm,113.45bhp@4000rpm,1.5 L U2 CRDi,6,Yes,Yes,Yes,Yes,Yes,Disc,1493,4,Automatic,6,Power,5.2,4300,1790,1635,1720,Yes,Yes,Yes,Yes,Yes,Yes,Yes,Yes,Yes,No,Yes,Yes,3,0
ID00241,0.560183206,0.05,0.423076923,C12,34791,1,B2,M6,Petrol,113Nm@4400rpm,88.50bhp@6000rpm,K Series Dual jet,2,No,Yes,No,Yes,No,Drum,1197,4,Manual,5,Electric,4.8,3845,1735,1530,1335,Yes,No,No,No,Yes,Yes,Yes,Yes,Yes,Yes,Yes,Yes,2,0
ID00242,0.361542816,0.02,0.461538462,C10,73430,1,A,M1,CNG,60Nm@3500rpm,40.36bhp@6000rpm,F8D Petrol Engine,2,No,No,No,Yes,No,Drum,796,3,Manual,5,Power,4.6,3445,1515,1475,1185,No,No,No,No,No,No,No,Yes,No,No,No,Yes,0,0
ID00243,0.51531277,0,0.423076923,C9,17804,1,A,M1,CNG,60Nm@3500rpm,40.36bhp@6000rpm,F8D Petrol Engine,2,No,No,No,Yes,No,Drum,796,3,Manual,5,Power,4.6,3445,1515,1475,1185,No,No,No,No,No,No,No,Yes,No,No,No,Yes,0,0
ID00244,1.046147431,0.11,0.480769231,C17,65567,1,C1,M2,Petrol,113Nm@4400rpm,88.50bhp@6000rpm,1.2 L K12N Dualjet,2,Yes,Yes,No,Yes,Yes,Drum,1197,4,Automatic,5,Electric,4.8,3995,1735,1515,1335,Yes,No,No,Yes,Yes,Yes,Yes,Yes,Yes,Yes,Yes,Yes,2,0
ID00245,0.966714682,0.01,0.538461538,C10,73430,1,B2,M6,Petrol,113Nm@4400rpm,88.50bhp@6000rpm,K Series Dual jet,2,No,Yes,No,Yes,No,Drum,1197,4,Manual,5,Electric,4.8,3845,1735,1530,1335,Yes,No,No,No,Yes,Yes,Yes,Yes,Yes,Yes,Yes,Yes,2,0
ID00246,0.365102388,0.03,0.355769231,C13,5410,3,C2,M4,Diesel,250Nm@2750rpm,113.45bhp@4000rpm,1.5 L U2 CRDi,6,Yes,Yes,Yes,Yes,Yes,Disc,1493,4,Automatic,6,Power,5.2,4300,1790,1635,1720,Yes,Yes,Yes,Yes,Yes,Yes,Yes,Yes,Yes,No,Yes,Yes,3,0
ID00247,0.260175187,0.17,0.509615385,C13,5410,1,B2,M6,Petrol,113Nm@4400rpm,88.50bhp@6000rpm,K Series Dual jet,2,No,Yes,No,Yes,No,Drum,1197,4,Manual,5,Electric,4.8,3845,1735,1530,1335,Yes,No,No,No,Yes,Yes,Yes,Yes,Yes,Yes,Yes,Yes,2,0
ID00248,0.082441437,0.06,0.730769231,C5,34738,1,A,M1,CNG,60Nm@3500rpm,40.36bhp@6000rpm,F8D Petrol Engine,2,No,No,No,Yes,No,Drum,796,3,Manual,5,Power,4.6,3445,1515,1475,1185,No,No,No,No,No,No,No,Yes,No,No,No,Yes,0,0
ID00249,1.181383891,0.07,0.701923077,C8,8794,3,C2,M4,Diesel,250Nm@2750rpm,113.45bhp@4000rpm,1.5 L U2 CRDi,6,Yes,Yes,Yes,Yes,Yes,Disc,1493,4,Automatic,6,Power,5.2,4300,1790,1635,1720,Yes,Yes,Yes,Yes,Yes,Yes,Yes,Yes,Yes,No,Yes,Yes,3,0
ID00250,0.505313898,0.04,0.625,C3,4076,1,C1,M2,Petrol,113Nm@4400rpm,88.50bhp@6000rpm,1.2 L K12N Dualjet,2,Yes,Yes,No,Yes,Yes,Drum,1197,4,Automatic,5,Electric,4.8,3995,1735,1515,1335,Yes,No,No,Yes,Yes,Yes,Yes,Yes,Yes,Yes,Yes,Yes,2,0
ID00251,0.386863596,0.01,0.596153846,C2,27003,1,A,M1,CNG,60Nm@3500rpm,40.36bhp@6000rpm,F8D Petrol Engine,2,No,No,No,Yes,No,Drum,796,3,Manual,5,Power,4.6,3445,1515,1475,1185,No,No,No,No,No,No,No,Yes,No,No,No,Yes,0,0
ID00252,1.080125798,0.16,0.442307692,C8,8794,3,C2,M4,Diesel,250Nm@2750rpm,113.45bhp@4000rpm,1.5 L U2 CRDi,6,Yes,Yes,Yes,Yes,Yes,Disc,1493,4,Automatic,6,Power,5.2,4300,1790,1635,1720,Yes,Yes,Yes,Yes,Yes,Yes,Yes,Yes,Yes,No,Yes,Yes,3,0
ID00253,1.24010865,0.14,0.432692308,C3,4076,3,C2,M4,Diesel,250Nm@2750rpm,113.45bhp@4000rpm,1.5 L U2 CRDi,6,Yes,Yes,Yes,Yes,Yes,Disc,1493,4,Automatic,6,Power,5.2,4300,1790,1635,1720,Yes,Yes,Yes,Yes,Yes,Yes,Yes,Yes,Yes,No,Yes,Yes,3,0
ID00254,0.091844244,0.01,0.461538462,C10,73430,1,A,M1,CNG,60Nm@3500rpm,40.36bhp@6000rpm,F8D Petrol Engine,2,No,No,No,Yes,No,Drum,796,3,Manual,5,Power,4.6,3445,1515,1475,1185,No,No,No,No,No,No,No,Yes,No,No,No,Yes,0,0
ID00255,0.146303079,0.01,0.557692308,C10,73430,1,A,M1,CNG,60Nm@3500rpm,40.36bhp@6000rpm,F8D Petrol Engine,2,No,No,No,Yes,No,Drum,796,3,Manual,5,Power,4.6,3445,1515,1475,1185,No,No,No,No,No,No,No,Yes,No,No,No,Yes,0,0
ID00256,1.070681504,0.12,0.480769231,C11,6108,2,A,M3,Petrol,91Nm@4250rpm,67.06bhp@5500rpm,1.0 SCe,2,No,No,No,No,Yes,Drum,999,3,Automatic,5,Electric,5,3731,1579,1490,1155,No,No,No,No,No,Yes,Yes,Yes,No,Yes,Yes,Yes,2,0
ID00257,0.032256716,0.03,0.288461538,C2,27003,1,A,M1,CNG,60Nm@3500rpm,40.36bhp@6000rpm,F8D Petrol Engine,2,No,No,No,Yes,No,Drum,796,3,Manual,5,Power,4.6,3445,1515,1475,1185,No,No,No,No,No,No,No,Yes,No,No,No,Yes,0,0
ID00258,0.046265551,0,0.509615385,C18,35036,1,A,M1,CNG,60Nm@3500rpm,40.36bhp@6000rpm,F8D Petrol Engine,2,No,No,No,Yes,No,Drum,796,3,Manual,5,Power,4.6,3445,1515,1475,1185,No,No,No,No,No,No,No,Yes,No,No,No,Yes,0,0
ID00259,1.208841051,0.09,0.403846154,C14,7788,1,B1,M8,CNG,82.1Nm@3400rpm,55.92bhp@5300rpm,K10C,2,No,No,No,Yes,No,Drum,998,3,Manual,5,Power,4.7,3655,1620,1675,1340,No,No,No,No,No,Yes,Yes,Yes,No,No,Yes,Yes,2,0
ID00260,1.164872029,0.09,0.307692308,C7,6112,1,B1,M8,CNG,82.1Nm@3400rpm,55.92bhp@5300rpm,K10C,2,No,No,No,Yes,No,Drum,998,3,Manual,5,Power,4.7,3655,1620,1675,1340,No,No,No,No,No,Yes,Yes,Yes,No,No,Yes,Yes,2,0
ID00261,0.023278956,0,0.432692308,C3,4076,2,A,M3,Petrol,91Nm@4250rpm,67.06bhp@5500rpm,1.0 SCe,2,No,No,No,No,Yes,Drum,999,3,Automatic,5,Electric,5,3731,1579,1490,1155,No,No,No,No,No,Yes,Yes,Yes,No,Yes,Yes,Yes,2,0
ID00262,0.621501301,0.07,0.346153846,C2,27003,3,C2,M4,Diesel,250Nm@2750rpm,113.45bhp@4000rpm,1.5 L U2 CRDi,6,Yes,Yes,Yes,Yes,Yes,Disc,1493,4,Automatic,6,Power,5.2,4300,1790,1635,1720,Yes,Yes,Yes,Yes,Yes,Yes,Yes,Yes,Yes,No,Yes,Yes,3,0
ID00263,1.243388763,0.13,0.355769231,C8,8794,2,A,M3,Petrol,91Nm@4250rpm,67.06bhp@5500rpm,1.0 SCe,2,No,No,No,No,Yes,Drum,999,3,Automatic,5,Electric,5,3731,1579,1490,1155,No,No,No,No,No,Yes,Yes,Yes,No,Yes,Yes,Yes,2,0
ID00264,0.024168103,0.08,0.538461538,C19,27742,1,B1,M8,CNG,82.1Nm@3400rpm,55.92bhp@5300rpm,K10C,2,No,No,No,Yes,No,Drum,998,3,Manual,5,Power,4.7,3655,1620,1675,1340,No,No,No,No,No,Yes,Yes,Yes,No,No,Yes,Yes,2,0
ID00265,0.919157982,0,0.615384615,C20,20905,1,A,M1,CNG,60Nm@3500rpm,40.36bhp@6000rpm,F8D Petrol Engine,2,No,No,No,Yes,No,Drum,796,3,Manual,5,Power,4.6,3445,1515,1475,1185,No,No,No,No,No,No,No,Yes,No,No,No,Yes,0,0
ID00266,1.059148384,0.01,0.298076923,C8,8794,1,Utility,M10,CNG,85Nm@3000rpm,61.68bhp@6000rpm,G12B,1,No,No,No,Yes,No,Drum,1196,4,Manual,5,Manual,4.5,3675,1475,1825,1510,No,No,No,No,No,No,No,No,No,No,No,Yes,0,0
ID00267,0.116034098,0.13,0.471153846,C2,27003,1,B1,M8,CNG,82.1Nm@3400rpm,55.92bhp@5300rpm,K10C,2,No,No,No,Yes,No,Drum,998,3,Manual,5,Power,4.7,3655,1620,1675,1340,No,No,No,No,No,Yes,Yes,Yes,No,No,Yes,Yes,2,0
ID00268,0.006026592,0.11,0.365384615,C8,8794,1,B1,M8,CNG,82.1Nm@3400rpm,55.92bhp@5300rpm,K10C,2,No,No,No,Yes,No,Drum,998,3,Manual,5,Power,4.7,3655,1620,1675,1340,No,No,No,No,No,Yes,Yes,Yes,No,No,Yes,Yes,2,0
ID00269,0.138289216,0.1,0.807692308,C13,5410,1,Utility,M10,CNG,85Nm@3000rpm,61.68bhp@6000rpm,G12B,1,No,No,No,Yes,No,Drum,1196,4,Manual,5,Manual,4.5,3675,1475,1825,1510,No,No,No,No,No,No,No,No,No,No,No,Yes,0,0
ID00270,0.145280804,0.15,0.538461538,C2,27003,3,C2,M4,Diesel,250Nm@2750rpm,113.45bhp@4000rpm,1.5 L U2 CRDi,6,Yes,Yes,Yes,Yes,Yes,Disc,1493,4,Automatic,6,Power,5.2,4300,1790,1635,1720,Yes,Yes,Yes,Yes,Yes,Yes,Yes,Yes,Yes,No,Yes,Yes,3,0
ID00271,0.709748711,0.03,0.644230769,C12,34791,1,A,M1,CNG,60Nm@3500rpm,40.36bhp@6000rpm,F8D Petrol Engine,2,No,No,No,Yes,No,Drum,796,3,Manual,5,Power,4.6,3445,1515,1475,1185,No,No,No,No,No,No,No,Yes,No,No,No,Yes,0,0
ID00272,0.865703762,0.01,0.451923077,C16,16206,1,A,M1,CNG,60Nm@3500rpm,40.36bhp@6000rpm,F8D Petrol Engine,2,No,No,No,Yes,No,Drum,796,3,Manual,5,Power,4.6,3445,1515,1475,1185,No,No,No,No,No,No,No,Yes,No,No,No,Yes,0,0
ID00273,0.046403805,0.11,0.355769231,C12,34791,1,B2,M6,Petrol,113Nm@4400rpm,88.50bhp@6000rpm,K Series Dual jet,2,No,Yes,No,Yes,No,Drum,1197,4,Manual,5,Electric,4.8,3845,1735,1530,1335,Yes,No,No,No,Yes,Yes,Yes,Yes,Yes,Yes,Yes,Yes,2,0
ID00274,0.597829019,0.09,0.346153846,C9,17804,1,B2,M6,Petrol,113Nm@4400rpm,88.50bhp@6000rpm,K Series Dual jet,2,No,Yes,No,Yes,No,Drum,1197,4,Manual,5,Electric,4.8,3845,1735,1530,1335,Yes,No,No,No,Yes,Yes,Yes,Yes,Yes,Yes,Yes,Yes,2,0
ID00275,1.063086592,0.07,0.432692308,C2,27003,3,C2,M4,Diesel,250Nm@2750rpm,113.45bhp@4000rpm,1.5 L U2 CRDi,6,Yes,Yes,Yes,Yes,Yes,Disc,1493,4,Automatic,6,Power,5.2,4300,1790,1635,1720,Yes,Yes,Yes,Yes,Yes,Yes,Yes,Yes,Yes,No,Yes,Yes,3,0
ID00276,0.125868525,0.05,0.663461538,C8,8794,1,B2,M6,Petrol,113Nm@4400rpm,88.50bhp@6000rpm,K Series Dual jet,2,No,Yes,No,Yes,No,Drum,1197,4,Manual,5,Electric,4.8,3845,1735,1530,1335,Yes,No,No,No,Yes,Yes,Yes,Yes,Yes,Yes,Yes,Yes,2,0
ID00277,0.417343312,0.19,0.403846154,C13,5410,3,C2,M4,Diesel,250Nm@2750rpm,113.45bhp@4000rpm,1.5 L U2 CRDi,6,Yes,Yes,Yes,Yes,Yes,Disc,1493,4,Automatic,6,Power,5.2,4300,1790,1635,1720,Yes,Yes,Yes,Yes,Yes,Yes,Yes,Yes,Yes,No,Yes,Yes,3,0
ID00278,1.03485476,0.01,0.596153846,C2,27003,4,B2,M5,Diesel,200Nm@3000rpm,88.77bhp@4000rpm,1.5 Turbocharged Revotorq,2,No,Yes,No,Yes,No,Drum,1497,4,Manual,5,Electric,5,3990,1755,1523,1490,No,No,No,No,No,Yes,Yes,Yes,No,No,Yes,Yes,5,0
ID00279,1.042688063,0.15,0.442307692,C14,7788,3,C2,M4,Diesel,250Nm@2750rpm,113.45bhp@4000rpm,1.5 L U2 CRDi,6,Yes,Yes,Yes,Yes,Yes,Disc,1493,4,Automatic,6,Power,5.2,4300,1790,1635,1720,Yes,Yes,Yes,Yes,Yes,Yes,Yes,Yes,Yes,No,Yes,Yes,3,0
ID00280,1.056369839,0.1,0.326923077,C8,8794,3,C2,M4,Diesel,250Nm@2750rpm,113.45bhp@4000rpm,1.5 L U2 CRDi,6,Yes,Yes,Yes,Yes,Yes,Disc,1493,4,Automatic,6,Power,5.2,4300,1790,1635,1720,Yes,Yes,Yes,Yes,Yes,Yes,Yes,Yes,Yes,No,Yes,Yes,3,0
ID00281,1.222893102,0.13,0.644230769,C8,8794,1,B2,M6,Petrol,113Nm@4400rpm,88.50bhp@6000rpm,K Series Dual jet,2,No,Yes,No,Yes,No,Drum,1197,4,Manual,5,Electric,4.8,3845,1735,1530,1335,Yes,No,No,No,Yes,Yes,Yes,Yes,Yes,Yes,Yes,Yes,2,0
ID00282,1.0615233,0.05,0.413461538,C2,27003,3,C2,M4,Diesel,250Nm@2750rpm,113.45bhp@4000rpm,1.5 L U2 CRDi,6,Yes,Yes,Yes,Yes,Yes,Disc,1493,4,Automatic,6,Power,5.2,4300,1790,1635,1720,Yes,Yes,Yes,Yes,Yes,Yes,Yes,Yes,Yes,No,Yes,Yes,3,0
ID00283,0.094809266,0.14,0.336538462,C13,5410,1,B2,M6,Petrol,113Nm@4400rpm,88.50bhp@6000rpm,K Series Dual jet,2,No,Yes,No,Yes,No,Drum,1197,4,Manual,5,Electric,4.8,3845,1735,1530,1335,Yes,No,No,No,Yes,Yes,Yes,Yes,Yes,Yes,Yes,Yes,2,0
ID00284,0.77792632,0.14,0.528846154,C8,8794,3,C2,M4,Diesel,250Nm@2750rpm,113.45bhp@4000rpm,1.5 L U2 CRDi,6,Yes,Yes,Yes,Yes,Yes,Disc,1493,4,Automatic,6,Power,5.2,4300,1790,1635,1720,Yes,Yes,Yes,Yes,Yes,Yes,Yes,Yes,Yes,No,Yes,Yes,3,0
ID00285,0.454009493,0.07,0.605769231,C3,4076,1,A,M1,CNG,60Nm@3500rpm,40.36bhp@6000rpm,F8D Petrol Engine,2,No,No,No,Yes,No,Drum,796,3,Manual,5,Power,4.6,3445,1515,1475,1185,No,No,No,No,No,No,No,Yes,No,No,No,Yes,0,0
ID00286,0.104329545,0.04,0.442307692,C14,7788,1,A,M1,CNG,60Nm@3500rpm,40.36bhp@6000rpm,F8D Petrol Engine,2,No,No,No,Yes,No,Drum,796,3,Manual,5,Power,4.6,3445,1515,1475,1185,No,No,No,No,No,No,No,Yes,No,No,No,Yes,0,0
ID00287,1.124807586,0.18,0.471153846,C13,5410,3,C2,M4,Diesel,250Nm@2750rpm,113.45bhp@4000rpm,1.5 L U2 CRDi,6,Yes,Yes,Yes,Yes,Yes,Disc,1493,4,Automatic,6,Power,5.2,4300,1790,1635,1720,Yes,Yes,Yes,Yes,Yes,Yes,Yes,Yes,Yes,No,Yes,Yes,3,0
ID00288,1.030233762,0.08,0.432692308,C8,8794,1,B1,M8,CNG,82.1Nm@3400rpm,55.92bhp@5300rpm,K10C,2,No,No,No,Yes,No,Drum,998,3,Manual,5,Power,4.7,3655,1620,1675,1340,No,No,No,No,No,Yes,Yes,Yes,No,No,Yes,Yes,2,0
ID00289,0.270750757,0.16,0.596153846,C8,8794,3,C2,M4,Diesel,250Nm@2750rpm,113.45bhp@4000rpm,1.5 L U2 CRDi,6,Yes,Yes,Yes,Yes,Yes,Disc,1493,4,Automatic,6,Power,5.2,4300,1790,1635,1720,Yes,Yes,Yes,Yes,Yes,Yes,Yes,Yes,Yes,No,Yes,Yes,3,1
ID00290,0.083004271,0.09,0.307692308,C3,4076,1,B2,M7,Petrol,113Nm@4400rpm,88.50bhp@6000rpm,1.2 L K Series Engine,6,Yes,Yes,No,Yes,Yes,Drum,1197,4,Automatic,5,Electric,4.85,3990,1745,1500,1410,Yes,Yes,Yes,Yes,Yes,Yes,Yes,Yes,Yes,Yes,Yes,Yes,0,0
ID00291,0.085965228,0.09,0.480769231,C8,8794,2,A,M3,Petrol,91Nm@4250rpm,67.06bhp@5500rpm,1.0 SCe,2,No,No,No,No,Yes,Drum,999,3,Automatic,5,Electric,5,3731,1579,1490,1155,No,No,No,No,No,Yes,Yes,Yes,No,Yes,Yes,Yes,2,0
ID00292,0.088466506,0,0.730769231,C3,4076,1,A,M1,CNG,60Nm@3500rpm,40.36bhp@6000rpm,F8D Petrol Engine,2,No,No,No,Yes,No,Drum,796,3,Manual,5,Power,4.6,3445,1515,1475,1185,No,No,No,No,No,No,No,Yes,No,No,No,Yes,0,0
ID00293,1.029521902,0.01,0.384615385,C8,8794,1,A,M1,CNG,60Nm@3500rpm,40.36bhp@6000rpm,F8D Petrol Engine,2,No,No,No,Yes,No,Drum,796,3,Manual,5,Power,4.6,3445,1515,1475,1185,No,No,No,No,No,No,No,Yes,No,No,No,Yes,0,0
ID00294,0.069301214,0.1,0.538461538,C8,8794,1,C1,M2,Petrol,113Nm@4400rpm,88.50bhp@6000rpm,1.2 L K12N Dualjet,2,Yes,Yes,No,Yes,Yes,Drum,1197,4,Automatic,5,Electric,4.8,3995,1735,1515,1335,Yes,No,No,Yes,Yes,Yes,Yes,Yes,Yes,Yes,Yes,Yes,2,0
ID00295,1.118195104,0.02,0.663461538,C8,8794,3,C2,M4,Diesel,250Nm@2750rpm,113.45bhp@4000rpm,1.5 L U2 CRDi,6,Yes,Yes,Yes,Yes,Yes,Disc,1493,4,Automatic,6,Power,5.2,4300,1790,1635,1720,Yes,Yes,Yes,Yes,Yes,Yes,Yes,Yes,Yes,No,Yes,Yes,3,0
ID00296,0.780804989,0.12,0.528846154,C2,27003,2,A,M3,Petrol,91Nm@4250rpm,67.06bhp@5500rpm,1.0 SCe,2,No,No,No,No,Yes,Drum,999,3,Automatic,5,Electric,5,3731,1579,1490,1155,No,No,No,No,No,Yes,Yes,Yes,No,Yes,Yes,Yes,2,0
ID00297,0.467947606,0,0.692307692,C8,8794,1,B2,M6,Petrol,113Nm@4400rpm,88.50bhp@6000rpm,K Series Dual jet,2,No,Yes,No,Yes,No,Drum,1197,4,Manual,5,Electric,4.8,3845,1735,1530,1335,Yes,No,No,No,Yes,Yes,Yes,Yes,Yes,Yes,Yes,Yes,2,1
ID00298,1.168199217,0.19,0.461538462,C21,3264,3,C2,M4,Diesel,250Nm@2750rpm,113.45bhp@4000rpm,1.5 L U2 CRDi,6,Yes,Yes,Yes,Yes,Yes,Disc,1493,4,Automatic,6,Power,5.2,4300,1790,1635,1720,Yes,Yes,Yes,Yes,Yes,Yes,Yes,Yes,Yes,No,Yes,Yes,3,0
ID00299,1.02037119,0.04,0.461538462,C8,8794,4,C1,M11,Petrol,170Nm@4000rpm,118.36bhp@5500rpm,1.5 Turbocharged Revotron,2,Yes,No,No,Yes,Yes,Drum,1199,3,Manual,6,Power,5.1,3993,1811,1606,1660,No,No,No,Yes,Yes,Yes,Yes,Yes,Yes,No,Yes,No,5,0
ID00300,0.085119605,0.08,0.490384615,C13,5410,3,C2,M4,Diesel,250Nm@2750rpm,113.45bhp@4000rpm,1.5 L U2 CRDi,6,Yes,Yes,Yes,Yes,Yes,Disc,1493,4,Automatic,6,Power,5.2,4300,1790,1635,1720,Yes,Yes,Yes,Yes,Yes,Yes,Yes,Yes,Yes,No,Yes,Yes,3,0
ID00301,0.072649104,0.1,0.336538462,C8,8794,1,B2,M6,Petrol,113Nm@4400rpm,88.50bhp@6000rpm,K Series Dual jet,2,No,Yes,No,Yes,No,Drum,1197,4,Manual,5,Electric,4.8,3845,1735,1530,1335,Yes,No,No,No,Yes,Yes,Yes,Yes,Yes,Yes,Yes,Yes,2,0
ID00302,0.361514811,0.02,0.528846154,C10,73430,1,B2,M6,Petrol,113Nm@4400rpm,88.50bhp@6000rpm,K Series Dual jet,2,No,Yes,No,Yes,No,Drum,1197,4,Manual,5,Electric,4.8,3845,1735,1530,1335,Yes,No,No,No,Yes,Yes,Yes,Yes,Yes,Yes,Yes,Yes,2,0
ID00303,0.555292617,0.11,0.336538462,C5,34738,1,B2,M6,Petrol,113Nm@4400rpm,88.50bhp@6000rpm,K Series Dual jet,2,No,Yes,No,Yes,No,Drum,1197,4,Manual,5,Electric,4.8,3845,1735,1530,1335,Yes,No,No,No,Yes,Yes,Yes,Yes,Yes,Yes,Yes,Yes,2,0
ID00304,1.235451129,0.13,0.365384615,C2,27003,5,C1,M9,Diesel,200Nm@1750rpm,97.89bhp@3600rpm,i-DTEC,2,No,Yes,No,Yes,Yes,Drum,1498,4,Manual,5,Electric,4.9,3995,1695,1501,1051,Yes,No,No,Yes,No,Yes,Yes,Yes,Yes,Yes,Yes,Yes,4,0
ID00305,0.511285391,0.17,0.384615385,C12,34791,5,C1,M9,Diesel,200Nm@1750rpm,97.89bhp@3600rpm,i-DTEC,2,No,Yes,No,Yes,Yes,Drum,1498,4,Manual,5,Electric,4.9,3995,1695,1501,1051,Yes,No,No,Yes,No,Yes,Yes,Yes,Yes,Yes,Yes,Yes,4,0
ID00306,0.379481747,0.07,0.355769231,C8,8794,1,B2,M6,Petrol,113Nm@4400rpm,88.50bhp@6000rpm,K Series Dual jet,2,No,Yes,No,Yes,No,Drum,1197,4,Manual,5,Electric,4.8,3845,1735,1530,1335,Yes,No,No,No,Yes,Yes,Yes,Yes,Yes,Yes,Yes,Yes,2,0
ID00307,0.072819065,0,0.413461538,C2,27003,3,C2,M4,Diesel,250Nm@2750rpm,113.45bhp@4000rpm,1.5 L U2 CRDi,6,Yes,Yes,Yes,Yes,Yes,Disc,1493,4,Automatic,6,Power,5.2,4300,1790,1635,1720,Yes,Yes,Yes,Yes,Yes,Yes,Yes,Yes,Yes,No,Yes,Yes,3,0
ID00308,0.072997927,0.08,0.442307692,C2,27003,1,B2,M6,Petrol,113Nm@4400rpm,88.50bhp@6000rpm,K Series Dual jet,2,No,Yes,No,Yes,No,Drum,1197,4,Manual,5,Electric,4.8,3845,1735,1530,1335,Yes,No,No,No,Yes,Yes,Yes,Yes,Yes,Yes,Yes,Yes,2,0
ID00309,0.093590674,0.13,0.307692308,C3,4076,1,B1,M8,CNG,82.1Nm@3400rpm,55.92bhp@5300rpm,K10C,2,No,No,No,Yes,No,Drum,998,3,Manual,5,Power,4.7,3655,1620,1675,1340,No,No,No,No,No,Yes,Yes,Yes,No,No,Yes,Yes,2,0
ID00310,1.124843185,0.02,0.692307692,C9,17804,1,A,M1,CNG,60Nm@3500rpm,40.36bhp@6000rpm,F8D Petrol Engine,2,No,No,No,Yes,No,Drum,796,3,Manual,5,Power,4.6,3445,1515,1475,1185,No,No,No,No,No,No,No,Yes,No,No,No,Yes,0,0
ID00311,0.22079434,0,0.326923077,C3,4076,1,A,M1,CNG,60Nm@3500rpm,40.36bhp@6000rpm,F8D Petrol Engine,2,No,No,No,Yes,No,Drum,796,3,Manual,5,Power,4.6,3445,1515,1475,1185,No,No,No,No,No,No,No,Yes,No,No,No,Yes,0,0
ID00312,1.168320793,0.06,0.798076923,C19,27742,1,B2,M6,Petrol,113Nm@4400rpm,88.50bhp@6000rpm,K Series Dual jet,2,No,Yes,No,Yes,No,Drum,1197,4,Manual,5,Electric,4.8,3845,1735,1530,1335,Yes,No,No,No,Yes,Yes,Yes,Yes,Yes,Yes,Yes,Yes,2,0
ID00313,0.483513614,0.09,0.567307692,C8,8794,1,B2,M6,Petrol,113Nm@4400rpm,88.50bhp@6000rpm,K Series Dual jet,2,No,Yes,No,Yes,No,Drum,1197,4,Manual,5,Electric,4.8,3845,1735,1530,1335,Yes,No,No,No,Yes,Yes,Yes,Yes,Yes,Yes,Yes,Yes,2,0
ID00314,0.03356627,0,0.586538462,C10,73430,1,A,M1,CNG,60Nm@3500rpm,40.36bhp@6000rpm,F8D Petrol Engine,2,No,No,No,Yes,No,Drum,796,3,Manual,5,Power,4.6,3445,1515,1475,1185,No,No,No,No,No,No,No,Yes,No,No,No,Yes,0,0
ID00315,1.147586092,0.03,0.519230769,C8,8794,2,A,M3,Petrol,91Nm@4250rpm,67.06bhp@5500rpm,1.0 SCe,2,No,No,No,No,Yes,Drum,999,3,Automatic,5,Electric,5,3731,1579,1490,1155,No,No,No,No,No,Yes,Yes,Yes,No,Yes,Yes,Yes,2,0
ID00316,0.498238611,0.03,0.471153846,C3,4076,1,A,M1,CNG,60Nm@3500rpm,40.36bhp@6000rpm,F8D Petrol Engine,2,No,No,No,Yes,No,Drum,796,3,Manual,5,Power,4.6,3445,1515,1475,1185,No,No,No,No,No,No,No,Yes,No,No,No,Yes,0,0
ID00317,1.202465954,0.09,0.432692308,C15,290,3,C2,M4,Diesel,250Nm@2750rpm,113.45bhp@4000rpm,1.5 L U2 CRDi,6,Yes,Yes,Yes,Yes,Yes,Disc,1493,4,Automatic,6,Power,5.2,4300,1790,1635,1720,Yes,Yes,Yes,Yes,Yes,Yes,Yes,Yes,Yes,No,Yes,Yes,3,0
ID00318,0.74941909,0.01,0.423076923,C5,34738,1,A,M1,CNG,60Nm@3500rpm,40.36bhp@6000rpm,F8D Petrol Engine,2,No,No,No,Yes,No,Drum,796,3,Manual,5,Power,4.6,3445,1515,1475,1185,No,No,No,No,No,No,No,Yes,No,No,No,Yes,0,0
ID00319,0.123058408,0,0.403846154,C2,27003,1,C1,M2,Petrol,113Nm@4400rpm,88.50bhp@6000rpm,1.2 L K12N Dualjet,2,Yes,Yes,No,Yes,Yes,Drum,1197,4,Automatic,5,Electric,4.8,3995,1735,1515,1335,Yes,No,No,Yes,Yes,Yes,Yes,Yes,Yes,Yes,Yes,Yes,2,0
ID00320,1.024211915,0.02,0.634615385,C2,27003,1,Utility,M10,CNG,85Nm@3000rpm,61.68bhp@6000rpm,G12B,1,No,No,No,Yes,No,Drum,1196,4,Manual,5,Manual,4.5,3675,1475,1825,1510,No,No,No,No,No,No,No,No,No,No,No,Yes,0,0
ID00321,1.248537971,0.17,0.759615385,C8,8794,3,C2,M4,Diesel,250Nm@2750rpm,113.45bhp@4000rpm,1.5 L U2 CRDi,6,Yes,Yes,Yes,Yes,Yes,Disc,1493,4,Automatic,6,Power,5.2,4300,1790,1635,1720,Yes,Yes,Yes,Yes,Yes,Yes,Yes,Yes,Yes,No,Yes,Yes,3,0
ID00322,0.21087358,0.18,0.846153846,C2,27003,5,C1,M9,Diesel,200Nm@1750rpm,97.89bhp@3600rpm,i-DTEC,2,No,Yes,No,Yes,Yes,Drum,1498,4,Manual,5,Electric,4.9,3995,1695,1501,1051,Yes,No,No,Yes,No,Yes,Yes,Yes,Yes,Yes,Yes,Yes,4,0
ID00323,0.089962123,0.15,0.317307692,C6,13051,1,B2,M6,Petrol,113Nm@4400rpm,88.50bhp@6000rpm,K Series Dual jet,2,No,Yes,No,Yes,No,Drum,1197,4,Manual,5,Electric,4.8,3845,1735,1530,1335,Yes,No,No,No,Yes,Yes,Yes,Yes,Yes,Yes,Yes,Yes,2,0
ID00324,0.322176678,0.02,0.432692308,C10,73430,3,C2,M4,Diesel,250Nm@2750rpm,113.45bhp@4000rpm,1.5 L U2 CRDi,6,Yes,Yes,Yes,Yes,Yes,Disc,1493,4,Automatic,6,Power,5.2,4300,1790,1635,1720,Yes,Yes,Yes,Yes,Yes,Yes,Yes,Yes,Yes,No,Yes,Yes,3,0
ID00325,0.084524485,0.14,0.336538462,C2,27003,3,C2,M4,Diesel,250Nm@2750rpm,113.45bhp@4000rpm,1.5 L U2 CRDi,6,Yes,Yes,Yes,Yes,Yes,Disc,1493,4,Automatic,6,Power,5.2,4300,1790,1635,1720,Yes,Yes,Yes,Yes,Yes,Yes,Yes,Yes,Yes,No,Yes,Yes,3,0
ID00326,0.228210657,0.08,0.326923077,C3,4076,1,A,M1,CNG,60Nm@3500rpm,40.36bhp@6000rpm,F8D Petrol Engine,2,No,No,No,Yes,No,Drum,796,3,Manual,5,Power,4.6,3445,1515,1475,1185,No,No,No,No,No,No,No,Yes,No,No,No,Yes,0,0
ID00327,0.174394347,0.1,0.634615385,C8,8794,3,C2,M4,Diesel,250Nm@2750rpm,113.45bhp@4000rpm,1.5 L U2 CRDi,6,Yes,Yes,Yes,Yes,Yes,Disc,1493,4,Automatic,6,Power,5.2,4300,1790,1635,1720,Yes,Yes,Yes,Yes,Yes,Yes,Yes,Yes,Yes,No,Yes,Yes,3,0
ID00328,0.336255683,0.1,0.355769231,C10,73430,3,C2,M4,Diesel,250Nm@2750rpm,113.45bhp@4000rpm,1.5 L U2 CRDi,6,Yes,Yes,Yes,Yes,Yes,Disc,1493,4,Automatic,6,Power,5.2,4300,1790,1635,1720,Yes,Yes,Yes,Yes,Yes,Yes,Yes,Yes,Yes,No,Yes,Yes,3,0
ID00329,0.388433811,0.01,0.365384615,C3,4076,1,A,M1,CNG,60Nm@3500rpm,40.36bhp@6000rpm,F8D Petrol Engine,2,No,No,No,Yes,No,Drum,796,3,Manual,5,Power,4.6,3445,1515,1475,1185,No,No,No,No,No,No,No,Yes,No,No,No,Yes,0,0
ID00330,0.379791885,0.14,0.673076923,C14,7788,3,C2,M4,Diesel,250Nm@2750rpm,113.45bhp@4000rpm,1.5 L U2 CRDi,6,Yes,Yes,Yes,Yes,Yes,Disc,1493,4,Automatic,6,Power,5.2,4300,1790,1635,1720,Yes,Yes,Yes,Yes,Yes,Yes,Yes,Yes,Yes,No,Yes,Yes,3,0
ID00331,0.091860808,0.05,0.365384615,C3,4076,3,C2,M4,Diesel,250Nm@2750rpm,113.45bhp@4000rpm,1.5 L U2 CRDi,6,Yes,Yes,Yes,Yes,Yes,Disc,1493,4,Automatic,6,Power,5.2,4300,1790,1635,1720,Yes,Yes,Yes,Yes,Yes,Yes,Yes,Yes,Yes,No,Yes,Yes,3,0
ID00332,1.057753252,0.09,0.471153846,C2,27003,1,B2,M6,Petrol,113Nm@4400rpm,88.50bhp@6000rpm,K Series Dual jet,2,No,Yes,No,Yes,No,Drum,1197,4,Manual,5,Electric,4.8,3845,1735,1530,1335,Yes,No,No,No,Yes,Yes,Yes,Yes,Yes,Yes,Yes,Yes,2,0
ID00333,1.127888626,0.05,0.346153846,C8,8794,1,B2,M7,Petrol,113Nm@4400rpm,88.50bhp@6000rpm,1.2 L K Series Engine,6,Yes,Yes,No,Yes,Yes,Drum,1197,4,Automatic,5,Electric,4.85,3990,1745,1500,1410,Yes,Yes,Yes,Yes,Yes,Yes,Yes,Yes,Yes,Yes,Yes,Yes,0,0
ID00334,0.150787618,0.14,0.365384615,C8,8794,3,C2,M4,Diesel,250Nm@2750rpm,113.45bhp@4000rpm,1.5 L U2 CRDi,6,Yes,Yes,Yes,Yes,Yes,Disc,1493,4,Automatic,6,Power,5.2,4300,1790,1635,1720,Yes,Yes,Yes,Yes,Yes,Yes,Yes,Yes,Yes,No,Yes,Yes,3,0
ID00335,0.951400167,0.11,0.528846154,C2,27003,3,C2,M4,Diesel,250Nm@2750rpm,113.45bhp@4000rpm,1.5 L U2 CRDi,6,Yes,Yes,Yes,Yes,Yes,Disc,1493,4,Automatic,6,Power,5.2,4300,1790,1635,1720,Yes,Yes,Yes,Yes,Yes,Yes,Yes,Yes,Yes,No,Yes,Yes,3,1
ID00336,1.090404012,0.09,0.375,C2,27003,1,B2,M6,Petrol,113Nm@4400rpm,88.50bhp@6000rpm,K Series Dual jet,2,No,Yes,No,Yes,No,Drum,1197,4,Manual,5,Electric,4.8,3845,1735,1530,1335,Yes,No,No,No,Yes,Yes,Yes,Yes,Yes,Yes,Yes,Yes,2,0
ID00337,0.93268821,0.06,0.490384615,C15,290,1,B2,M7,Petrol,113Nm@4400rpm,88.50bhp@6000rpm,1.2 L K Series Engine,6,Yes,Yes,No,Yes,Yes,Drum,1197,4,Automatic,5,Electric,4.85,3990,1745,1500,1410,Yes,Yes,Yes,Yes,Yes,Yes,Yes,Yes,Yes,Yes,Yes,Yes,0,0
ID00338,1.062183113,0.02,0.596153846,C3,4076,1,A,M1,CNG,60Nm@3500rpm,40.36bhp@6000rpm,F8D Petrol Engine,2,No,No,No,Yes,No,Drum,796,3,Manual,5,Power,4.6,3445,1515,1475,1185,No,No,No,No,No,No,No,Yes,No,No,No,Yes,0,0
ID00339,0.049812337,0.04,0.519230769,C17,65567,1,A,M1,CNG,60Nm@3500rpm,40.36bhp@6000rpm,F8D Petrol Engine,2,No,No,No,Yes,No,Drum,796,3,Manual,5,Power,4.6,3445,1515,1475,1185,No,No,No,No,No,No,No,Yes,No,No,No,Yes,0,0
ID00340,0.800770035,0.04,0.307692308,C13,5410,1,Utility,M10,CNG,85Nm@3000rpm,61.68bhp@6000rpm,G12B,1,No,No,No,Yes,No,Drum,1196,4,Manual,5,Manual,4.5,3675,1475,1825,1510,No,No,No,No,No,No,No,No,No,No,No,Yes,0,0
ID00341,1.075606437,0.11,0.663461538,C8,8794,1,B2,M6,Petrol,113Nm@4400rpm,88.50bhp@6000rpm,K Series Dual jet,2,No,Yes,No,Yes,No,Drum,1197,4,Manual,5,Electric,4.8,3845,1735,1530,1335,Yes,No,No,No,Yes,Yes,Yes,Yes,Yes,Yes,Yes,Yes,2,0
ID00342,0.089257788,0.15,0.355769231,C8,8794,3,C2,M4,Diesel,250Nm@2750rpm,113.45bhp@4000rpm,1.5 L U2 CRDi,6,Yes,Yes,Yes,Yes,Yes,Disc,1493,4,Automatic,6,Power,5.2,4300,1790,1635,1720,Yes,Yes,Yes,Yes,Yes,Yes,Yes,Yes,Yes,No,Yes,Yes,3,0
ID00343,1.162849472,0.16,0.317307692,C13,5410,1,B2,M6,Petrol,113Nm@4400rpm,88.50bhp@6000rpm,K Series Dual jet,2,No,Yes,No,Yes,No,Drum,1197,4,Manual,5,Electric,4.8,3845,1735,1530,1335,Yes,No,No,No,Yes,Yes,Yes,Yes,Yes,Yes,Yes,Yes,2,0
ID00344,0.119613719,0.09,0.423076923,C19,27742,1,B2,M6,Petrol,113Nm@4400rpm,88.50bhp@6000rpm,K Series Dual jet,2,No,Yes,No,Yes,No,Drum,1197,4,Manual,5,Electric,4.8,3845,1735,1530,1335,Yes,No,No,No,Yes,Yes,Yes,Yes,Yes,Yes,Yes,Yes,2,0
ID00345,0.904138613,0.01,0.701923077,C21,3264,1,A,M1,CNG,60Nm@3500rpm,40.36bhp@6000rpm,F8D Petrol Engine,2,No,No,No,Yes,No,Drum,796,3,Manual,5,Power,4.6,3445,1515,1475,1185,No,No,No,No,No,No,No,Yes,No,No,No,Yes,0,0
ID00346,0.955806408,0.01,0.432692308,C2,27003,1,A,M1,CNG,60Nm@3500rpm,40.36bhp@6000rpm,F8D Petrol Engine,2,No,No,No,Yes,No,Drum,796,3,Manual,5,Power,4.6,3445,1515,1475,1185,No,No,No,No,No,No,No,Yes,No,No,No,Yes,0,0
ID00347,0.286969158,0.1,0.5,C3,4076,1,Utility,M10,CNG,85Nm@3000rpm,61.68bhp@6000rpm,G12B,1,No,No,No,Yes,No,Drum,1196,4,Manual,5,Manual,4.5,3675,1475,1825,1510,No,No,No,No,No,No,No,No,No,No,No,Yes,0,0
ID00348,0.047594776,0.03,0.326923077,C2,27003,1,B1,M8,CNG,82.1Nm@3400rpm,55.92bhp@5300rpm,K10C,2,No,No,No,Yes,No,Drum,998,3,Manual,5,Power,4.7,3655,1620,1675,1340,No,No,No,No,No,Yes,Yes,Yes,No,No,Yes,Yes,2,0
ID00349,0.510557513,0.17,0.375,C14,7788,1,B2,M6,Petrol,113Nm@4400rpm,88.50bhp@6000rpm,K Series Dual jet,2,No,Yes,No,Yes,No,Drum,1197,4,Manual,5,Electric,4.8,3845,1735,1530,1335,Yes,No,No,No,Yes,Yes,Yes,Yes,Yes,Yes,Yes,Yes,2,0
ID00350,1.176848174,0.03,0.711538462,C7,6112,3,C2,M4,Diesel,250Nm@2750rpm,113.45bhp@4000rpm,1.5 L U2 CRDi,6,Yes,Yes,Yes,Yes,Yes,Disc,1493,4,Automatic,6,Power,5.2,4300,1790,1635,1720,Yes,Yes,Yes,Yes,Yes,Yes,Yes,Yes,Yes,No,Yes,Yes,3,0
ID00351,0.422986495,0.07,0.442307692,C5,34738,1,B2,M7,Petrol,113Nm@4400rpm,88.50bhp@6000rpm,1.2 L K Series Engine,6,Yes,Yes,No,Yes,Yes,Drum,1197,4,Automatic,5,Electric,4.85,3990,1745,1500,1410,Yes,Yes,Yes,Yes,Yes,Yes,Yes,Yes,Yes,Yes,Yes,Yes,0,0
ID00352,0.959825769,0.02,0.317307692,C21,3264,1,A,M1,CNG,60Nm@3500rpm,40.36bhp@6000rpm,F8D Petrol Engine,2,No,No,No,Yes,No,Drum,796,3,Manual,5,Power,4.6,3445,1515,1475,1185,No,No,No,No,No,No,No,Yes,No,No,No,Yes,0,0
ID00353,0.980758901,0.02,0.567307692,C12,34791,1,A,M1,CNG,60Nm@3500rpm,40.36bhp@6000rpm,F8D Petrol Engine,2,No,No,No,Yes,No,Drum,796,3,Manual,5,Power,4.6,3445,1515,1475,1185,No,No,No,No,No,No,No,Yes,No,No,No,Yes,0,0
ID00354,0.89668601,0.02,0.480769231,C17,65567,1,A,M1,CNG,60Nm@3500rpm,40.36bhp@6000rpm,F8D Petrol Engine,2,No,No,No,Yes,No,Drum,796,3,Manual,5,Power,4.6,3445,1515,1475,1185,No,No,No,No,No,No,No,Yes,No,No,No,Yes,0,0
ID00355,0.012163229,0.14,0.298076923,C9,17804,3,C2,M4,Diesel,250Nm@2750rpm,113.45bhp@4000rpm,1.5 L U2 CRDi,6,Yes,Yes,Yes,Yes,Yes,Disc,1493,4,Automatic,6,Power,5.2,4300,1790,1635,1720,Yes,Yes,Yes,Yes,Yes,Yes,Yes,Yes,Yes,No,Yes,Yes,3,0
ID00356,0.585392316,0.01,0.288461538,C5,34738,1,A,M1,CNG,60Nm@3500rpm,40.36bhp@6000rpm,F8D Petrol Engine,2,No,No,No,Yes,No,Drum,796,3,Manual,5,Power,4.6,3445,1515,1475,1185,No,No,No,No,No,No,No,Yes,No,No,No,Yes,0,0
ID00357,1.228389533,0.14,0.384615385,C14,7788,1,B2,M6,Petrol,113Nm@4400rpm,88.50bhp@6000rpm,K Series Dual jet,2,No,Yes,No,Yes,No,Drum,1197,4,Manual,5,Electric,4.8,3845,1735,1530,1335,Yes,No,No,No,Yes,Yes,Yes,Yes,Yes,Yes,Yes,Yes,2,0
ID00358,0.7580106,0.06,0.596153846,C13,5410,1,B2,M6,Petrol,113Nm@4400rpm,88.50bhp@6000rpm,K Series Dual jet,2,No,Yes,No,Yes,No,Drum,1197,4,Manual,5,Electric,4.8,3845,1735,1530,1335,Yes,No,No,No,Yes,Yes,Yes,Yes,Yes,Yes,Yes,Yes,2,0
ID00359,0.605491363,0.04,0.509615385,C2,27003,3,C2,M4,Diesel,250Nm@2750rpm,113.45bhp@4000rpm,1.5 L U2 CRDi,6,Yes,Yes,Yes,Yes,Yes,Disc,1493,4,Automatic,6,Power,5.2,4300,1790,1635,1720,Yes,Yes,Yes,Yes,Yes,Yes,Yes,Yes,Yes,No,Yes,Yes,3,0
ID00360,0.254151766,0.12,0.307692308,C2,27003,3,C2,M4,Diesel,250Nm@2750rpm,113.45bhp@4000rpm,1.5 L U2 CRDi,6,Yes,Yes,Yes,Yes,Yes,Disc,1493,4,Automatic,6,Power,5.2,4300,1790,1635,1720,Yes,Yes,Yes,Yes,Yes,Yes,Yes,Yes,Yes,No,Yes,Yes,3,0
ID00361,0.033237929,0.02,0.394230769,C8,8794,1,B2,M6,Petrol,113Nm@4400rpm,88.50bhp@6000rpm,K Series Dual jet,2,No,Yes,No,Yes,No,Drum,1197,4,Manual,5,Electric,4.8,3845,1735,1530,1335,Yes,No,No,No,Yes,Yes,Yes,Yes,Yes,Yes,Yes,Yes,2,0
ID00362,1.12386783,0,0.586538462,C8,8794,1,B2,M6,Petrol,113Nm@4400rpm,88.50bhp@6000rpm,K Series Dual jet,2,No,Yes,No,Yes,No,Drum,1197,4,Manual,5,Electric,4.8,3845,1735,1530,1335,Yes,No,No,No,Yes,Yes,Yes,Yes,Yes,Yes,Yes,Yes,2,0
ID00363,1.057108452,0.14,0.423076923,C8,8794,3,C2,M4,Diesel,250Nm@2750rpm,113.45bhp@4000rpm,1.5 L U2 CRDi,6,Yes,Yes,Yes,Yes,Yes,Disc,1493,4,Automatic,6,Power,5.2,4300,1790,1635,1720,Yes,Yes,Yes,Yes,Yes,Yes,Yes,Yes,Yes,No,Yes,Yes,3,0
ID00364,0.293675052,0.03,0.567307692,C2,27003,3,C2,M4,Diesel,250Nm@2750rpm,113.45bhp@4000rpm,1.5 L U2 CRDi,6,Yes,Yes,Yes,Yes,Yes,Disc,1493,4,Automatic,6,Power,5.2,4300,1790,1635,1720,Yes,Yes,Yes,Yes,Yes,Yes,Yes,Yes,Yes,No,Yes,Yes,3,0
ID00365,0.112919347,0,0.451923077,C5,34738,1,B2,M6,Petrol,113Nm@4400rpm,88.50bhp@6000rpm,K Series Dual jet,2,No,Yes,No,Yes,No,Drum,1197,4,Manual,5,Electric,4.8,3845,1735,1530,1335,Yes,No,No,No,Yes,Yes,Yes,Yes,Yes,Yes,Yes,Yes,2,0
ID00366,1.210182458,0.38,0.778846154,C8,8794,3,C2,M4,Diesel,250Nm@2750rpm,113.45bhp@4000rpm,1.5 L U2 CRDi,6,Yes,Yes,Yes,Yes,Yes,Disc,1493,4,Automatic,6,Power,5.2,4300,1790,1635,1720,Yes,Yes,Yes,Yes,Yes,Yes,Yes,Yes,Yes,No,Yes,Yes,3,0
ID00367,0.756071262,0.08,0.5,C2,27003,3,C2,M4,Diesel,250Nm@2750rpm,113.45bhp@4000rpm,1.5 L U2 CRDi,6,Yes,Yes,Yes,Yes,Yes,Disc,1493,4,Automatic,6,Power,5.2,4300,1790,1635,1720,Yes,Yes,Yes,Yes,Yes,Yes,Yes,Yes,Yes,No,Yes,Yes,3,0
ID00368,1.11475737,0.03,0.490384615,C8,8794,1,B1,M8,CNG,82.1Nm@3400rpm,55.92bhp@5300rpm,K10C,2,No,No,No,Yes,No,Drum,998,3,Manual,5,Power,4.7,3655,1620,1675,1340,No,No,No,No,No,Yes,Yes,Yes,No,No,Yes,Yes,2,0
ID00369,0.149478191,0,0.480769231,C3,4076,1,A,M1,CNG,60Nm@3500rpm,40.36bhp@6000rpm,F8D Petrol Engine,2,No,No,No,Yes,No,Drum,796,3,Manual,5,Power,4.6,3445,1515,1475,1185,No,No,No,No,No,No,No,Yes,No,No,No,Yes,0,0
ID00370,1.236718169,0.04,0.326923077,C8,8794,1,B2,M6,Petrol,113Nm@4400rpm,88.50bhp@6000rpm,K Series Dual jet,2,No,Yes,No,Yes,No,Drum,1197,4,Manual,5,Electric,4.8,3845,1735,1530,1335,Yes,No,No,No,Yes,Yes,Yes,Yes,Yes,Yes,Yes,Yes,2,0
ID00371,0.03168786,0,0.432692308,C5,34738,1,A,M1,CNG,60Nm@3500rpm,40.36bhp@6000rpm,F8D Petrol Engine,2,No,No,No,Yes,No,Drum,796,3,Manual,5,Power,4.6,3445,1515,1475,1185,No,No,No,No,No,No,No,Yes,No,No,No,Yes,0,1
ID00372,0.972733564,0.12,0.336538462,C2,27003,3,C2,M4,Diesel,250Nm@2750rpm,113.45bhp@4000rpm,1.5 L U2 CRDi,6,Yes,Yes,Yes,Yes,Yes,Disc,1493,4,Automatic,6,Power,5.2,4300,1790,1635,1720,Yes,Yes,Yes,Yes,Yes,Yes,Yes,Yes,Yes,No,Yes,Yes,3,0
ID00373,1.129721171,0.01,0.644230769,C3,4076,1,A,M1,CNG,60Nm@3500rpm,40.36bhp@6000rpm,F8D Petrol Engine,2,No,No,No,Yes,No,Drum,796,3,Manual,5,Power,4.6,3445,1515,1475,1185,No,No,No,No,No,No,No,Yes,No,No,No,Yes,0,0
ID00374,1.206766684,0.1,0.701923077,C14,7788,1,C1,M2,Petrol,113Nm@4400rpm,88.50bhp@6000rpm,1.2 L K12N Dualjet,2,Yes,Yes,No,Yes,Yes,Drum,1197,4,Automatic,5,Electric,4.8,3995,1735,1515,1335,Yes,No,No,Yes,Yes,Yes,Yes,Yes,Yes,Yes,Yes,Yes,2,0
ID00375,0.092826046,0.17,0.336538462,C8,8794,5,C1,M9,Diesel,200Nm@1750rpm,97.89bhp@3600rpm,i-DTEC,2,No,Yes,No,Yes,Yes,Drum,1498,4,Manual,5,Electric,4.9,3995,1695,1501,1051,Yes,No,No,Yes,No,Yes,Yes,Yes,Yes,Yes,Yes,Yes,4,0
ID00376,0.31677961,0.02,0.653846154,C14,7788,1,A,M1,CNG,60Nm@3500rpm,40.36bhp@6000rpm,F8D Petrol Engine,2,No,No,No,Yes,No,Drum,796,3,Manual,5,Power,4.6,3445,1515,1475,1185,No,No,No,No,No,No,No,Yes,No,No,No,Yes,0,0
ID00377,0.379587654,0.06,0.509615385,C1,4990,1,B2,M7,Petrol,113Nm@4400rpm,88.50bhp@6000rpm,1.2 L K Series Engine,6,Yes,Yes,No,Yes,Yes,Drum,1197,4,Automatic,5,Electric,4.85,3990,1745,1500,1410,Yes,Yes,Yes,Yes,Yes,Yes,Yes,Yes,Yes,Yes,Yes,Yes,0,0
ID00378,0.340266334,0.06,0.586538462,C8,8794,3,C2,M4,Diesel,250Nm@2750rpm,113.45bhp@4000rpm,1.5 L U2 CRDi,6,Yes,Yes,Yes,Yes,Yes,Disc,1493,4,Automatic,6,Power,5.2,4300,1790,1635,1720,Yes,Yes,Yes,Yes,Yes,Yes,Yes,Yes,Yes,No,Yes,Yes,3,0
ID00379,0.906400935,0,0.490384615,C11,6108,1,A,M1,CNG,60Nm@3500rpm,40.36bhp@6000rpm,F8D Petrol Engine,2,No,No,No,Yes,No,Drum,796,3,Manual,5,Power,4.6,3445,1515,1475,1185,No,No,No,No,No,No,No,Yes,No,No,No,Yes,0,1
ID00380,0.517833197,0.14,0.384615385,C14,7788,1,B2,M6,Petrol,113Nm@4400rpm,88.50bhp@6000rpm,K Series Dual jet,2,No,Yes,No,Yes,No,Drum,1197,4,Manual,5,Electric,4.8,3845,1735,1530,1335,Yes,No,No,No,Yes,Yes,Yes,Yes,Yes,Yes,Yes,Yes,2,1
ID00381,1.052612937,0.03,0.519230769,C9,17804,1,B2,M6,Petrol,113Nm@4400rpm,88.50bhp@6000rpm,K Series Dual jet,2,No,Yes,No,Yes,No,Drum,1197,4,Manual,5,Electric,4.8,3845,1735,1530,1335,Yes,No,No,No,Yes,Yes,Yes,Yes,Yes,Yes,Yes,Yes,2,0
ID00382,0.070671513,0,0.625,C5,34738,1,A,M1,CNG,60Nm@3500rpm,40.36bhp@6000rpm,F8D Petrol Engine,2,No,No,No,Yes,No,Drum,796,3,Manual,5,Power,4.6,3445,1515,1475,1185,No,No,No,No,No,No,No,Yes,No,No,No,Yes,0,0
ID00383,1.161722406,0.16,0.528846154,C8,8794,1,B2,M6,Petrol,113Nm@4400rpm,88.50bhp@6000rpm,K Series Dual jet,2,No,Yes,No,Yes,No,Drum,1197,4,Manual,5,Electric,4.8,3845,1735,1530,1335,Yes,No,No,No,Yes,Yes,Yes,Yes,Yes,Yes,Yes,Yes,2,0
ID00384,1.023968344,0.06,0.423076923,C8,8794,5,C1,M9,Diesel,200Nm@1750rpm,97.89bhp@3600rpm,i-DTEC,2,No,Yes,No,Yes,Yes,Drum,1498,4,Manual,5,Electric,4.9,3995,1695,1501,1051,Yes,No,No,Yes,No,Yes,Yes,Yes,Yes,Yes,Yes,Yes,4,0
ID00385,0.463252309,0.13,0.625,C2,27003,1,B2,M6,Petrol,113Nm@4400rpm,88.50bhp@6000rpm,K Series Dual jet,2,No,Yes,No,Yes,No,Drum,1197,4,Manual,5,Electric,4.8,3845,1735,1530,1335,Yes,No,No,No,Yes,Yes,Yes,Yes,Yes,Yes,Yes,Yes,2,0
ID00386,0.401333961,0.07,0.586538462,C3,4076,3,C2,M4,Diesel,250Nm@2750rpm,113.45bhp@4000rpm,1.5 L U2 CRDi,6,Yes,Yes,Yes,Yes,Yes,Disc,1493,4,Automatic,6,Power,5.2,4300,1790,1635,1720,Yes,Yes,Yes,Yes,Yes,Yes,Yes,Yes,Yes,No,Yes,Yes,3,0
ID00387,0.090669063,0.01,0.375,C3,4076,1,B1,M8,CNG,82.1Nm@3400rpm,55.92bhp@5300rpm,K10C,2,No,No,No,Yes,No,Drum,998,3,Manual,5,Power,4.7,3655,1620,1675,1340,No,No,No,No,No,Yes,Yes,Yes,No,No,Yes,Yes,2,0
ID00388,0.368805004,0.03,0.365384615,C1,4990,1,A,M1,CNG,60Nm@3500rpm,40.36bhp@6000rpm,F8D Petrol Engine,2,No,No,No,Yes,No,Drum,796,3,Manual,5,Power,4.6,3445,1515,1475,1185,No,No,No,No,No,No,No,Yes,No,No,No,Yes,0,0
ID00389,1.029044177,0.16,0.432692308,C3,4076,1,B2,M6,Petrol,113Nm@4400rpm,88.50bhp@6000rpm,K Series Dual jet,2,No,Yes,No,Yes,No,Drum,1197,4,Manual,5,Electric,4.8,3845,1735,1530,1335,Yes,No,No,No,Yes,Yes,Yes,Yes,Yes,Yes,Yes,Yes,2,0
